[{"model": "admin.logentry", "pk": 1, "fields": {"action_time": "2026-03-19T15:06:57.870Z", "user": 1, "content_type": 14, "object_id": "1", "object_repr": "Tiago Amato (20462950670)", "action_flag": 1, "change_message": "[{\"added\": {}}]"}}, {"model": "admin.logentry", "pk": 2, "fields": {"action_time": "2026-03-19T15:09:34.804Z", "user": 1, "content_type": 18, "object_id": "1", "object_repr": "Extracción 1 - Tiago Amato", "action_flag": 1, "change_message": "[{\"added\": {}}]"}}, {"model": "admin.logentry", "pk": 3, "fields": {"action_time": "2026-03-19T15:33:51.060Z", "user": 1, "content_type": 18, "object_id": "2", "object_repr": "Extracción 2 - Tiago Amato", "action_flag": 1, "change_message": "[{\"added\": {}}]"}}, {"model": "admin.logentry", "pk": 4, "fields": {"action_time": "2026-03-20T12:58:26.756Z", "user": 1, "content_type": 10, "object_id": "1", "object_repr": "OC 555 - Tránsito", "action_flag": 1, "change_message": "[{\"added\": {}}]"}}, {"model": "admin.logentry", "pk": 5, "fields": {"action_time": "2026-03-20T12:59:37.697Z", "user": 1, "content_type": 10, "object_id": "2", "object_repr": "OC 888 - Cultura", "action_flag": 1, "change_message": "[{\"added\": {}}, {\"added\": {\"name\": \"Detalle de OC (Seguimiento)\", \"object\": \"Item None - Remeras\"}}, {\"added\": {\"name\": \"Detalle de OC (Seguimiento)\", \"object\": \"Item None - Pantalones\"}}]"}}, {"model": "admin.logentry", "pk": 6, "fields": {"action_time": "2026-03-20T13:00:23.405Z", "user": 1, "content_type": 10, "object_id": "2", "object_repr": "OC 888 - Cultura", "action_flag": 2, "change_message": "[{\"changed\": {\"fields\": [\"Estado\", \"Fecha de entrega\", \"Entrega realizada por\", \"Observacion Entrega\"]}}, {\"changed\": {\"name\": \"Detalle de OC (Seguimiento)\", \"object\": \"Item None - Remeras\", \"fields\": [\"Observaciones\"]}}, {\"changed\": {\"name\": \"Detalle de OC (Seguimiento)\", \"object\": \"Item None - Pantalones\", \"fields\": [\"Observaciones\"]}}]"}}, {"model": "admin.logentry", "pk": 7, "fields": {"action_time": "2026-03-20T13:12:05.101Z", "user": 1, "content_type": 10, "object_id": "3", "object_repr": "OC 9999 - dddd", "action_flag": 1, "change_message": "[{\"added\": {}}]"}}, {"model": "admin.logentry", "pk": 8, "fields": {"action_time": "2026-03-20T13:12:29.856Z", "user": 1, "content_type": 10, "object_id": "4", "object_repr": "OC 111 - aaaa", "action_flag": 1, "change_message": "[{\"added\": {}}, {\"added\": {\"name\": \"Detalle de OC\", \"object\": \"Item None - aaa\"}}, {\"added\": {\"name\": \"Detalle de OC\", \"object\": \"Item None - bbb\"}}]"}}, {"model": "admin.logentry", "pk": 9, "fields": {"action_time": "2026-03-20T13:13:03.005Z", "user": 1, "content_type": 33, "object_id": "4", "object_repr": "OC 111 - aaaa", "action_flag": 2, "change_message": "[{\"changed\": {\"fields\": [\"Estado\", \"Fecha de entrega\", \"Entrega realizada por\", \"Observacion Entrega\"]}}, {\"changed\": {\"name\": \"Detalle de OC\", \"object\": \"Item None - aaa\", \"fields\": [\"Observaciones\"]}}, {\"changed\": {\"name\": \"Detalle de OC\", \"object\": \"Item None - bbb\", \"fields\": [\"Observaciones\"]}}]"}}, {"model": "admin.logentry", "pk": 10, "fields": {"action_time": "2026-03-20T13:30:33.444Z", "user": 1, "content_type": 33, "object_id": "3", "object_repr": "OC 9999 - dddd", "action_flag": 2, "change_message": "[{\"changed\": {\"fields\": [\"Estado\", \"Fecha de entrega\", \"Entrega realizada por\", \"Observacion Entrega\"]}}]"}}, {"model": "admin.logentry", "pk": 11, "fields": {"action_time": "2026-03-20T15:14:01.902Z", "user": 1, "content_type": 18, "object_id": "3", "object_repr": "Extracción 3 - Tiago Amato", "action_flag": 1, "change_message": "[{\"added\": {}}]"}}, {"model": "admin.logentry", "pk": 12, "fields": {"action_time": "2026-03-20T15:14:17.963Z", "user": 1, "content_type": 18, "object_id": "4", "object_repr": "Extracción 4 - Tiago Amato", "action_flag": 1, "change_message": "[{\"added\": {}}]"}}, {"model": "admin.logentry", "pk": 13, "fields": {"action_time": "2026-03-20T15:14:25.422Z", "user": 1, "content_type": 18, "object_id": "5", "object_repr": "Extracción 5 - Tiago Amato", "action_flag": 1, "change_message": "[{\"added\": {}}]"}}, {"model": "admin.logentry", "pk": 14, "fields": {"action_time": "2026-03-20T15:14:33.897Z", "user": 1, "content_type": 18, "object_id": "6", "object_repr": "Extracción 6 - Tiago Amato", "action_flag": 1, "change_message": "[{\"added\": {}}]"}}, {"model": "admin.logentry", "pk": 15, "fields": {"action_time": "2026-03-20T15:55:51.109Z", "user": 1, "content_type": 30, "object_id": "1", "object_repr": "eae, eeee", "action_flag": 1, "change_message": "[{\"added\": {}}]"}}, {"model": "admin.logentry", "pk": 16, "fields": {"action_time": "2026-03-25T10:37:48.887Z", "user": 1, "content_type": 43, "object_id": "1", "object_repr": "Martinez, Mariana (mariana.martinez)", "action_flag": 1, "change_message": "[{\"added\": {}}]"}}, {"model": "admin.logentry", "pk": 17, "fields": {"action_time": "2026-03-25T10:39:56.209Z", "user": 1, "content_type": 43, "object_id": "1", "object_repr": "Martinez, Mariana (mariana.martinez)", "action_flag": 3, "change_message": ""}}, {"model": "admin.logentry", "pk": 18, "fields": {"action_time": "2026-03-25T10:43:38.667Z", "user": 1, "content_type": 43, "object_id": "2", "object_repr": ",  (mariana.martinez)", "action_flag": 1, "change_message": "[{\"added\": {}}]"}}, {"model": "admin.logentry", "pk": 19, "fields": {"action_time": "2026-03-25T10:44:02.994Z", "user": 1, "content_type": 43, "object_id": "3", "object_repr": "Ordasso, Alicia (alicia.ordasso)", "action_flag": 1, "change_message": "[{\"added\": {}}]"}}, {"model": "admin.logentry", "pk": 20, "fields": {"action_time": "2026-03-25T10:44:39.215Z", "user": 1, "content_type": 43, "object_id": "4", "object_repr": "Bonavera, Paola (paola.bonavera)", "action_flag": 1, "change_message": "[{\"added\": {}}]"}}, {"model": "admin.logentry", "pk": 21, "fields": {"action_time": "2026-03-25T10:44:47.079Z", "user": 1, "content_type": 43, "object_id": "3", "object_repr": "Ordasso, Alicia (alicia.ordasso)", "action_flag": 2, "change_message": "[{\"changed\": {\"fields\": [\"Rango\"]}}]"}}, {"model": "admin.logentry", "pk": 22, "fields": {"action_time": "2026-03-25T10:45:01.026Z", "user": 1, "content_type": 43, "object_id": "2", "object_repr": "Martinez, Mariana (mariana.martinez)", "action_flag": 2, "change_message": "[{\"changed\": {\"fields\": [\"Nombre\", \"Apellido\", \"password_nueva\", \"Rango\"]}}]"}}, {"model": "admin.logentry", "pk": 23, "fields": {"action_time": "2026-03-25T10:45:28.663Z", "user": 1, "content_type": 43, "object_id": "5", "object_repr": "Nin, Eugenia (eugenia.nin)", "action_flag": 1, "change_message": "[{\"added\": {}}]"}}, {"model": "admin.logentry", "pk": 24, "fields": {"action_time": "2026-03-25T10:45:59.772Z", "user": 1, "content_type": 43, "object_id": "6", "object_repr": "Bonavera, Damian (damian.bonavera)", "action_flag": 1, "change_message": "[{\"added\": {}}]"}}, {"model": "admin.logentry", "pk": 25, "fields": {"action_time": "2026-03-25T10:46:28.080Z", "user": 1, "content_type": 43, "object_id": "7", "object_repr": "Ardiani, Emilia (emilia.ardiani)", "action_flag": 1, "change_message": "[{\"added\": {}}]"}}, {"model": "admin.logentry", "pk": 26, "fields": {"action_time": "2026-03-25T10:46:36.377Z", "user": 1, "content_type": 43, "object_id": "7", "object_repr": "Ardiani, Emilia (emilia.ardiani)", "action_flag": 2, "change_message": "[{\"changed\": {\"fields\": [\"Rango\"]}}]"}}, {"model": "admin.logentry", "pk": 27, "fields": {"action_time": "2026-03-25T10:47:26.342Z", "user": 1, "content_type": 43, "object_id": "8", "object_repr": "Olmedo, Fernanda (fernanda.olmedo)", "action_flag": 1, "change_message": "[{\"added\": {}}]"}}, {"model": "admin.logentry", "pk": 28, "fields": {"action_time": "2026-03-25T11:19:08.171Z", "user": 3, "content_type": 7, "object_id": "1", "object_repr": "0001/2026 - Pepe...", "action_flag": 1, "change_message": "[{\"added\": {}}]"}}, {"model": "admin.logentry", "pk": 29, "fields": {"action_time": "2026-03-25T11:19:31.264Z", "user": 3, "content_type": 8, "object_id": "1", "object_repr": "Pase de 0001/2026 emitido el 25/03/2026 11:19", "action_flag": 1, "change_message": "[{\"added\": {}}]"}}, {"model": "admin.logentry", "pk": 30, "fields": {"action_time": "2026-03-25T11:21:54.353Z", "user": 9, "content_type": 62, "object_id": "1", "object_repr": "Configuración Psicofísico", "action_flag": 1, "change_message": "[{\"added\": {}}]"}}, {"model": "admin.logentry", "pk": 31, "fields": {"action_time": "2026-03-25T11:23:00.403Z", "user": 4, "content_type": 64, "object_id": "1", "object_repr": "Soldador (Área de Producción, Ciencia y Tecnología)", "action_flag": 1, "change_message": "[{\"added\": {}}]"}}, {"model": "admin.logentry", "pk": 32, "fields": {"action_time": "2026-03-25T11:29:06.985Z", "user": 4, "content_type": 35, "object_id": "1", "object_repr": "Caracol - 2026-03-26", "action_flag": 1, "change_message": "[{\"added\": {}}]"}}, {"model": "admin.logentry", "pk": 33, "fields": {"action_time": "2026-03-25T11:29:29.184Z", "user": 4, "content_type": 36, "object_id": "1", "object_repr": "Zanini, Marcos (31861718) en Caracol - 2026-03-26", "action_flag": 2, "change_message": "[{\"changed\": {\"fields\": [\"Estado\"]}}]"}}, {"model": "admin.logentry", "pk": 34, "fields": {"action_time": "2026-03-25T11:31:09.514Z", "user": 1, "content_type": 58, "object_id": "1", "object_repr": "Actividad comercial irregular - Marcos Zanini (En Progreso)", "action_flag": 2, "change_message": "[{\"changed\": {\"fields\": [\"Estado\"]}}, {\"added\": {\"name\": \"Pase de Reclamo\", \"object\": \"Pase: 1 -> \\u00c1rea Legal y T\\u00e9cnica\"}}]"}}, {"model": "admin.logentry", "pk": 35, "fields": {"action_time": "2026-03-25T11:31:47.684Z", "user": 1, "content_type": 58, "object_id": "1", "object_repr": "Actividad comercial irregular - Marcos Zanini (En Progreso)", "action_flag": 2, "change_message": "[{\"added\": {\"name\": \"Mensaje de Reclamo\", \"object\": \"Mensaje en Reclamo #1\"}}]"}}, {"model": "admin.logentry", "pk": 36, "fields": {"action_time": "2026-03-25T11:31:51.769Z", "user": 1, "content_type": 58, "object_id": "1", "object_repr": "Actividad comercial irregular - Marcos Zanini (En Progreso)", "action_flag": 2, "change_message": "[{\"added\": {\"name\": \"Mensaje de Reclamo\", \"object\": \"Mensaje en Reclamo #1\"}}]"}}, {"model": "admin.logentry", "pk": 37, "fields": {"action_time": "2026-03-25T12:55:32.718Z", "user": 4, "content_type": 14, "object_id": "1", "object_repr": "Facundo Strano (20300000000)", "action_flag": 1, "change_message": "[{\"added\": {}}]"}}, {"model": "admin.logentry", "pk": 38, "fields": {"action_time": "2026-03-25T12:55:57.365Z", "user": 4, "content_type": 18, "object_id": "1", "object_repr": "Extracción 1 - Facundo Strano", "action_flag": 1, "change_message": "[{\"added\": {}}]"}}, {"model": "admin.logentry", "pk": 39, "fields": {"action_time": "2026-03-25T13:24:40.035Z", "user": 1, "content_type": 48, "object_id": "1", "object_repr": "Acta N° 1 - PENDIENTE", "action_flag": 1, "change_message": "[{\"added\": {}}, {\"added\": {\"name\": \"Documentaci\\u00f3n\", \"object\": \"None - Acta 1\"}}]"}}, {"model": "admin.logentry", "pk": 40, "fields": {"action_time": "2026-03-25T14:00:45.679Z", "user": 1, "content_type": 52, "object_id": "1", "object_repr": "Bernardi, Tiago", "action_flag": 1, "change_message": "[{\"added\": {}}]"}}, {"model": "admin.logentry", "pk": 41, "fields": {"action_time": "2026-03-25T14:31:36.977Z", "user": 6, "content_type": 62, "object_id": "1", "object_repr": "Configuración Licencia de Conducir", "action_flag": 2, "change_message": "[{\"changed\": {\"fields\": [\"Tipo turno\"]}}]"}}, {"model": "admin.logentry", "pk": 42, "fields": {"action_time": "2026-03-25T14:34:11.316Z", "user": 9, "content_type": 62, "object_id": "2", "object_repr": "Configuración Psicofísico", "action_flag": 1, "change_message": "[{\"added\": {}}]"}}, {"model": "admin.logentry", "pk": 43, "fields": {"action_time": "2026-03-25T14:41:54.696Z", "user": 9, "content_type": 63, "object_id": "2", "object_repr": "Psicofísico - Marcos Zanini (2026-05-01 08:20:00)", "action_flag": 2, "change_message": "[{\"changed\": {\"fields\": [\"Estado\"]}}]"}}, {"model": "admin.logentry", "pk": 44, "fields": {"action_time": "2026-03-25T15:22:50.187Z", "user": 1, "content_type": 43, "object_id": "9", "object_repr": "Sistema, Administrador (admin)", "action_flag": 1, "change_message": "[{\"added\": {}}]"}}, {"model": "admin.logentry", "pk": 45, "fields": {"action_time": "2026-03-26T12:53:56.797Z", "user": 1, "content_type": 4, "object_id": "10", "object_repr": "31861718", "action_flag": 2, "change_message": "[{\"changed\": {\"fields\": [\"password\"]}}]"}}, {"model": "admin.logentry", "pk": 46, "fields": {"action_time": "2026-03-26T13:12:57.517Z", "user": 1, "content_type": 58, "object_id": "2", "object_repr": "Plagas y vectores en propiedad privada - MARIELA NERINA ARIAS (Pendiente)", "action_flag": 2, "change_message": "[{\"added\": {\"name\": \"Pase de Reclamo\", \"object\": \"Pase: 2 -> \\u00c1rea de Producci\\u00f3n, Ciencia y Tecnolog\\u00eda\"}}]"}}, {"model": "admin.logentry", "pk": 47, "fields": {"action_time": "2026-03-26T13:51:56.042Z", "user": 1, "content_type": 36, "object_id": "2", "object_repr": "bonavera, pao (28153104) en Caracol - 2026-03-26", "action_flag": 2, "change_message": "[{\"changed\": {\"fields\": [\"Estado\"]}}]"}}, {"model": "admin.logentry", "pk": 48, "fields": {"action_time": "2026-03-26T14:18:38.840Z", "user": 1, "content_type": 43, "object_id": "10", "object_repr": "Tasselli, Emilse (emilse.tasselli)", "action_flag": 1, "change_message": "[{\"added\": {}}]"}}, {"model": "admin.logentry", "pk": 49, "fields": {"action_time": "2026-03-26T14:20:27.225Z", "user": 1, "content_type": 43, "object_id": "11", "object_repr": "Strano, Facundo (facundo.strano)", "action_flag": 1, "change_message": "[{\"added\": {}}]"}}, {"model": "admin.logentry", "pk": 50, "fields": {"action_time": "2026-03-26T14:23:39.882Z", "user": 1, "content_type": 68, "object_id": "1", "object_repr": "Vacaciones facundo.strano", "action_flag": 1, "change_message": "[{\"added\": {}}]"}}, {"model": "admin.logentry", "pk": 51, "fields": {"action_time": "2026-03-26T14:24:20.734Z", "user": 1, "content_type": 66, "object_id": "1", "object_repr": "Pase", "action_flag": 1, "change_message": "[{\"added\": {}}]"}}, {"model": "admin.logentry", "pk": 52, "fields": {"action_time": "2026-03-26T14:24:51.988Z", "user": 1, "content_type": 67, "object_id": "1", "object_repr": "Recibo 3/2026 - facundo.strano", "action_flag": 1, "change_message": "[{\"added\": {}}]"}}, {"model": "admin.logentry", "pk": 53, "fields": {"action_time": "2026-03-27T10:26:31.429Z", "user": 15, "content_type": 66, "object_id": "1", "object_repr": "Pase", "action_flag": 3, "change_message": ""}}, {"model": "admin.logentry", "pk": 54, "fields": {"action_time": "2026-03-27T10:27:13.412Z", "user": 15, "content_type": 66, "object_id": "2", "object_repr": "Fecha de cobro", "action_flag": 1, "change_message": "[{\"added\": {}}]"}}, {"model": "admin.logentry", "pk": 55, "fields": {"action_time": "2026-03-27T11:18:28.968Z", "user": 1, "content_type": 75, "object_id": "12", "object_repr": "Garcia, Diego (diego.garcia)", "action_flag": 1, "change_message": "[{\"added\": {}}, {\"added\": {\"name\": \"Informaci\\u00f3n Salarial\", \"object\": \"Config. Salarial - diego.garcia\"}}, {\"added\": {\"name\": \"Familiar\", \"object\": \"Familiar object (1)\"}}, {\"added\": {\"name\": \"Formaci\\u00f3n Acad\\u00e9mica\", \"object\": \"FormacionAcademica object (1)\"}}]"}}, {"model": "admin.logentry", "pk": 56, "fields": {"action_time": "2026-03-27T13:57:35.721Z", "user": 1, "content_type": 75, "object_id": "13", "object_repr": "Bernardis, Tiago (tiago.bernardis)", "action_flag": 1, "change_message": "[{\"added\": {}}]"}}, {"model": "admin.logentry", "pk": 57, "fields": {"action_time": "2026-03-27T14:15:04.102Z", "user": 1, "content_type": 75, "object_id": "11", "object_repr": "Strano, Facundo (facundo.strano)", "action_flag": 2, "change_message": "[{\"changed\": {\"fields\": [\"N\\u00famero de Legajo\", \"password_nueva\", \"Area\", \"Departamento\"]}}]"}}, {"model": "admin.logentry", "pk": 58, "fields": {"action_time": "2026-03-27T15:14:28.612Z", "user": 17, "content_type": 75, "object_id": "10", "object_repr": "Tasselli, Emilse (emilse.tasselli)", "action_flag": 2, "change_message": "[{\"changed\": {\"fields\": [\"N\\u00famero de Legajo\", \"password_nueva\", \"Division\"]}}, {\"added\": {\"name\": \"Informaci\\u00f3n Salarial\", \"object\": \"Config. Salarial - emilse.tasselli\"}}]"}}, {"model": "admin.logentry", "pk": 59, "fields": {"action_time": "2026-03-27T15:14:56.756Z", "user": 17, "content_type": 68, "object_id": "2", "object_repr": "Vacaciones emilse.tasselli", "action_flag": 1, "change_message": "[{\"added\": {}}]"}}, {"model": "admin.logentry", "pk": 60, "fields": {"action_time": "2026-03-27T15:20:47.522Z", "user": 1, "content_type": 4, "object_id": "10", "object_repr": "31861718", "action_flag": 2, "change_message": "[{\"changed\": {\"fields\": [\"password\"]}}]"}}, {"model": "admin.logentry", "pk": 61, "fields": {"action_time": "2026-03-30T10:44:05.537Z", "user": 1, "content_type": 4, "object_id": "10", "object_repr": "31861718", "action_flag": 2, "change_message": "[{\"changed\": {\"fields\": [\"password\"]}}]"}}, {"model": "admin.logentry", "pk": 62, "fields": {"action_time": "2026-03-30T10:44:48.053Z", "user": 1, "content_type": 4, "object_id": "10", "object_repr": "31861718", "action_flag": 2, "change_message": "[{\"changed\": {\"fields\": [\"password\"]}}]"}}, {"model": "admin.logentry", "pk": 63, "fields": {"action_time": "2026-03-30T11:56:09.249Z", "user": 1, "content_type": 60, "object_id": "1", "object_repr": "Impuesto Municipal - Sin Vecino", "action_flag": 1, "change_message": "[{\"added\": {}}]"}}, {"model": "admin.logentry", "pk": 64, "fields": {"action_time": "2026-03-30T11:56:35.992Z", "user": 1, "content_type": 61, "object_id": "1", "object_repr": "555555 - Casado 2099", "action_flag": 1, "change_message": "[{\"added\": {}}]"}}, {"model": "admin.logentry", "pk": 65, "fields": {"action_time": "2026-03-30T11:57:23.890Z", "user": 1, "content_type": 59, "object_id": "1", "object_repr": "Impuesto Municipal - Sin Vecino - Enero 2026 (PENDIENTE)", "action_flag": 1, "change_message": "[{\"added\": {}}]"}}, {"model": "admin.logentry", "pk": 66, "fields": {"action_time": "2026-03-30T11:58:54.909Z", "user": 1, "content_type": 61, "object_id": "1", "object_repr": "555555 - Casado 2099", "action_flag": 2, "change_message": "[{\"changed\": {\"fields\": [\"Vecino\"]}}]"}}, {"model": "admin.logentry", "pk": 67, "fields": {"action_time": "2026-03-30T12:03:19.481Z", "user": 1, "content_type": 58, "object_id": "3", "object_repr": "Irregularidades en obras - marqos perez (Pendiente)", "action_flag": 2, "change_message": "[{\"added\": {\"name\": \"Mensaje de Reclamo\", \"object\": \"Mensaje en Reclamo #3\"}}]"}}, {"model": "admin.logentry", "pk": 68, "fields": {"action_time": "2026-03-30T12:03:53.486Z", "user": 1, "content_type": 58, "object_id": "3", "object_repr": "Irregularidades en obras - marqos perez (Pendiente)", "action_flag": 2, "change_message": "[{\"added\": {\"name\": \"Pase de Reclamo\", \"object\": \"Pase: 3 -> \\u00c1rea Legal y T\\u00e9cnica\"}}]"}}, {"model": "admin.logentry", "pk": 69, "fields": {"action_time": "2026-03-30T12:06:27.891Z", "user": 1, "content_type": 75, "object_id": "14", "object_repr": "Nicolini, Martin (martin.nicolini)", "action_flag": 1, "change_message": "[{\"added\": {}}]"}}, {"model": "admin.logentry", "pk": 70, "fields": {"action_time": "2026-03-30T12:08:36.208Z", "user": 1, "content_type": 68, "object_id": "3", "object_repr": "Vacaciones martin.nicolini", "action_flag": 1, "change_message": "[{\"added\": {}}]"}}, {"model": "admin.logentry", "pk": 71, "fields": {"action_time": "2026-03-30T12:09:30.492Z", "user": 1, "content_type": 73, "object_id": "3", "object_repr": "Config. Salarial - martin.nicolini", "action_flag": 1, "change_message": "[{\"added\": {}}]"}}, {"model": "admin.logentry", "pk": 72, "fields": {"action_time": "2026-03-30T12:12:43.289Z", "user": 1, "content_type": 67, "object_id": "4", "object_repr": "Recibo 3/2026 - martin.nicolini", "action_flag": 2, "change_message": "[]"}}, {"model": "admin.logentry", "pk": 73, "fields": {"action_time": "2026-03-30T12:16:54.594Z", "user": 1, "content_type": 66, "object_id": "3", "object_repr": "Notificación personal", "action_flag": 1, "change_message": "[{\"added\": {}}]"}}, {"model": "admin.logentry", "pk": 74, "fields": {"action_time": "2026-03-30T12:28:03.082Z", "user": 1, "content_type": 7, "object_id": "2", "object_repr": "0002/2026 - Solicitud corte de calle...", "action_flag": 1, "change_message": "[{\"added\": {}}]"}}, {"model": "admin.logentry", "pk": 75, "fields": {"action_time": "2026-03-30T12:29:36.258Z", "user": 1, "content_type": 8, "object_id": "2", "object_repr": "Pase de 0002/2026 emitido el 30/03/2026 12:29", "action_flag": 1, "change_message": "[{\"added\": {}}]"}}, {"model": "admin.logentry", "pk": 76, "fields": {"action_time": "2026-03-30T13:23:59.393Z", "user": 20, "content_type": 7, "object_id": "2", "object_repr": "0002/2026 - Solicitud corte de calle...", "action_flag": 2, "change_message": "[{\"changed\": {\"fields\": [\"Estado\"]}}]"}}, {"model": "admin.logentry", "pk": 77, "fields": {"action_time": "2026-03-30T13:24:32.113Z", "user": 20, "content_type": 7, "object_id": "1", "object_repr": "0001/2026 - Pepe.\r\nNo se como pasar a otra...", "action_flag": 2, "change_message": "[{\"changed\": {\"fields\": [\"Asunto\"]}}]"}}, {"model": "admin.logentry", "pk": 78, "fields": {"action_time": "2026-03-30T13:26:12.963Z", "user": 20, "content_type": 7, "object_id": "1", "object_repr": "0001/2026 - Pepe.\r\nNo se como pasar a otra...", "action_flag": 2, "change_message": "[]"}}, {"model": "admin.logentry", "pk": 79, "fields": {"action_time": "2026-03-30T13:43:08.044Z", "user": 3, "content_type": 7, "object_id": "3", "object_repr": "S/N - Prueba...", "action_flag": 2, "change_message": "[]"}}, {"model": "admin.logentry", "pk": 80, "fields": {"action_time": "2026-03-30T13:43:24.561Z", "user": 3, "content_type": 7, "object_id": "3", "object_repr": "S/N - Prueba...", "action_flag": 2, "change_message": "[{\"changed\": {\"fields\": [\"Estado\"]}}]"}}, {"model": "admin.logentry", "pk": 81, "fields": {"action_time": "2026-03-30T13:53:01.508Z", "user": 3, "content_type": 8, "object_id": "3", "object_repr": "Pase de 0004/2026 emitido el 30/03/2026 13:53", "action_flag": 1, "change_message": "[{\"added\": {}}]"}}, {"model": "admin.logentry", "pk": 82, "fields": {"action_time": "2026-03-30T14:30:23.791Z", "user": 1, "content_type": 75, "object_id": "15", "object_repr": ",  (misabel.acciarini)", "action_flag": 1, "change_message": "[{\"added\": {}}]"}}, {"model": "admin.logentry", "pk": 83, "fields": {"action_time": "2026-03-30T14:32:05.345Z", "user": 1, "content_type": 68, "object_id": "4", "object_repr": "Vacaciones misabel.acciarini", "action_flag": 1, "change_message": "[{\"added\": {}}]"}}, {"model": "admin.logentry", "pk": 84, "fields": {"action_time": "2026-03-30T14:33:19.836Z", "user": 1, "content_type": 73, "object_id": "4", "object_repr": "Config. Salarial - misabel.acciarini", "action_flag": 1, "change_message": "[{\"added\": {}}]"}}, {"model": "admin.logentry", "pk": 85, "fields": {"action_time": "2026-03-30T14:33:35.179Z", "user": 1, "content_type": 75, "object_id": "15", "object_repr": "Acciarini, Maria (misabel.acciarini)", "action_flag": 2, "change_message": "[{\"changed\": {\"fields\": [\"Nombre\", \"Segundo Nombre\", \"Apellido\", \"Area\", \"Oficina\"]}}]"}}, {"model": "admin.logentry", "pk": 86, "fields": {"action_time": "2026-03-30T14:33:47.759Z", "user": 1, "content_type": 75, "object_id": "15", "object_repr": "Acciarini, Maria (misabel.acciarini)", "action_flag": 2, "change_message": "[{\"changed\": {\"fields\": [\"Area\", \"Oficina\"]}}]"}}, {"model": "admin.logentry", "pk": 87, "fields": {"action_time": "2026-03-30T14:34:18.761Z", "user": 1, "content_type": 68, "object_id": "4", "object_repr": "Vacaciones misabel.acciarini", "action_flag": 2, "change_message": "[{\"changed\": {\"fields\": [\"D\\u00edas Totales\"]}}]"}}, {"model": "admin.logentry", "pk": 88, "fields": {"action_time": "2026-03-31T11:09:27.805Z", "user": 1, "content_type": 75, "object_id": "16", "object_repr": "Zanini, Marcos (marcos.zanini)", "action_flag": 1, "change_message": "[{\"added\": {}}, {\"added\": {\"name\": \"Informaci\\u00f3n Salarial\", \"object\": \"Config. Salarial - marcos.zanini\"}}]"}}, {"model": "admin.logentry", "pk": 89, "fields": {"action_time": "2026-03-31T11:33:38.700Z", "user": 1, "content_type": 68, "object_id": "5", "object_repr": "Vacaciones marcos.zanini", "action_flag": 1, "change_message": "[{\"added\": {}}]"}}, {"model": "admin.logentry", "pk": 90, "fields": {"action_time": "2026-03-31T12:27:59.560Z", "user": 1, "content_type": 64, "object_id": "2", "object_repr": "Diseño grafico ()", "action_flag": 1, "change_message": "[{\"added\": {}}]"}}, {"model": "admin.logentry", "pk": 91, "fields": {"action_time": "2026-03-31T15:27:29.826Z", "user": 1, "content_type": 35, "object_id": "1", "object_repr": "Caracol - 2026-03-26", "action_flag": 2, "change_message": "[{\"changed\": {\"fields\": [\"Estado\"]}}]"}}, {"model": "admin.logentry", "pk": 92, "fields": {"action_time": "2026-04-01T10:46:42.088Z", "user": 1, "content_type": 75, "object_id": "17", "object_repr": "Distefano, Horacio (horacio.distefano)", "action_flag": 1, "change_message": "[{\"added\": {}}]"}}, {"model": "admin.logentry", "pk": 93, "fields": {"action_time": "2026-04-01T10:47:40.065Z", "user": 1, "content_type": 8, "object_id": "4", "object_repr": "Pase de 0003/2026 emitido el 01/04/2026 10:47", "action_flag": 1, "change_message": "[{\"added\": {}}]"}}, {"model": "admin.logentry", "pk": 94, "fields": {"action_time": "2026-04-01T10:58:34.058Z", "user": 1, "content_type": 8, "object_id": "6", "object_repr": "Pase de None emitido el 01/04/2026 10:58", "action_flag": 1, "change_message": "[{\"added\": {}}]"}}, {"model": "admin.logentry", "pk": 95, "fields": {"action_time": "2026-04-01T11:20:55.091Z", "user": 1, "content_type": 75, "object_id": "2", "object_repr": "Martinez, Mariana (mariana.martinez)", "action_flag": 2, "change_message": "[]"}}, {"model": "auth.group", "pk": 1, "fields": {"name": "MUNI_Gestión_Turnos", "permissions": [245, 246, 247, 248, 249, 250, 251, 252]}}, {"model": "auth.group", "pk": 2, "fields": {"name": "MUNI_Expedientes_Consulta_Carga", "permissions": [25, 28, 29, 32]}}, {"model": "auth.group", "pk": 3, "fields": {"name": "MUNI_Expedientes_Administración", "permissions": [25, 26, 27, 28, 29, 30, 31, 32]}}, {"model": "auth.group", "pk": 4, "fields": {"name": "MUNI_Gestión_Multas", "permissions": [209, 210, 211, 212, 189, 190, 191, 192, 213, 214, 215, 216, 193, 194, 195, 196, 197, 198, 199, 200, 201, 202, 203, 204, 205, 206, 207, 208, 217, 218, 219, 220]}}, {"model": "auth.group", "pk": 5, "fields": {"name": "MUNI_Gestión_Producción", "permissions": [53, 54, 55, 56, 57, 58, 59, 60, 61, 62, 63, 64, 65, 66, 67, 68, 69, 70, 71, 72, 73, 74, 75, 76, 253, 254, 255, 256, 257, 258, 259, 260, 77, 78, 79, 80, 81, 82, 83, 84, 85, 86, 87, 88, 89, 90, 91, 92, 121, 122, 123, 124, 117, 118, 119, 120, 113, 114, 115, 116, 109, 110, 111, 112, 93, 94, 95, 96, 125, 126, 127, 128, 97, 98, 99, 100, 101, 102, 103, 104, 105, 106, 107, 108, 41, 42, 43, 44, 137, 138, 139, 140, 49, 50, 51, 52, 141, 142, 143, 144, 45, 46, 47, 48, 133, 134, 135, 136]}}, {"model": "auth.group", "pk": 6, "fields": {"name": "MUNI_Gestión_Compras", "permissions": [37, 38, 39, 40, 33, 34, 35, 36, 129, 130, 131, 132]}}, {"model": "auth.user", "pk": 1, "fields": {"password": "pbkdf2_sha256$1200000$lwPTrJnUZQVEVQ9wdOBb8b$LD5oZQlvsstqhrTsYqmzjnpddbt6LEIfVwp+fskUplc=", "last_login": "2026-04-01T14:39:47.630Z", "is_superuser": true, "username": "admin", "first_name": "Administrador", "last_name": "Sistema", "email": "", "is_staff": true, "is_active": true, "date_joined": "2026-03-19T14:45:44.161Z", "groups": [], "user_permissions": []}}, {"model": "auth.user", "pk": 2, "fields": {"password": "pbkdf2_sha256$1200000$esQzu8yxHQGe5DTkloc0NJ$SMAKecbY080xsOe5yHkyFpLgPyBM2vt4Hjc8fPI+pcA=", "last_login": "2026-03-20T12:06:46.778Z", "is_superuser": true, "username": "test_admin123", "first_name": "", "last_name": "", "email": "a@a.com", "is_staff": true, "is_active": true, "date_joined": "2026-03-20T11:30:29.425Z", "groups": [], "user_permissions": []}}, {"model": "auth.user", "pk": 3, "fields": {"password": "pbkdf2_sha256$1200000$ULGrf5QGTzriRkvJwnfHxb$wrKLWEEGmeFNBV7mnlsQ2g2umciwLqIabttE9jptt7Q=", "last_login": "2026-04-01T14:48:17.536Z", "is_superuser": false, "username": "mariana.martinez", "first_name": "Mariana", "last_name": "Martinez", "email": "", "is_staff": true, "is_active": true, "date_joined": "2026-03-25T10:37:48.399Z", "groups": [3, 6], "user_permissions": [37, 38, 39, 40, 33, 34, 35, 36, 129, 130, 131, 132, 25, 26, 27, 28, 29, 30, 31, 32]}}, {"model": "auth.user", "pk": 4, "fields": {"password": "pbkdf2_sha256$1200000$yH7STgYLjBdvUiCJ6v7Ce0$Pz+ybgVrr6f2LOhwt0MqrhGsfyFDbicOzBUjy3aJPjM=", "last_login": "2026-03-30T13:54:42.155Z", "is_superuser": false, "username": "alicia.ordasso", "first_name": "Alicia", "last_name": "Ordasso", "email": "", "is_staff": true, "is_active": true, "date_joined": "2026-03-25T10:44:02.495Z", "groups": [2, 5, 6], "user_permissions": [53, 54, 55, 56, 57, 58, 59, 60, 61, 62, 63, 64, 65, 66, 67, 68, 69, 70, 71, 72, 73, 74, 75, 76, 253, 254, 255, 256, 257, 258, 259, 260, 37, 38, 39, 40, 33, 34, 35, 36, 129, 130, 131, 132, 77, 78, 79, 80, 81, 82, 83, 84, 85, 86, 87, 88, 89, 90, 91, 92, 121, 122, 123, 124, 117, 118, 119, 120, 113, 114, 115, 116, 109, 110, 111, 112, 93, 94, 95, 96, 125, 126, 127, 128, 97, 98, 99, 100, 101, 102, 103, 104, 105, 106, 107, 108, 25, 26, 27, 28, 29, 30, 31, 32, 41, 42, 43, 44, 137, 138, 139, 140, 49, 50, 51, 52, 141, 142, 143, 144, 45, 46, 47, 48, 133, 134, 135, 136]}}, {"model": "auth.user", "pk": 5, "fields": {"password": "pbkdf2_sha256$1200000$6nS64HmtRb5HCjO1icRu3j$y4YuY4t+ZPXJilWOKgUqrZik7Cfr89TvbQo8Sc8Tu4g=", "last_login": "2026-03-26T14:37:19.787Z", "is_superuser": false, "username": "paola.bonavera", "first_name": "Paola", "last_name": "Bonavera", "email": "", "is_staff": true, "is_active": true, "date_joined": "2026-03-25T10:44:38.695Z", "groups": [], "user_permissions": [53, 54, 56, 57, 58, 60, 61, 62, 64, 65, 66, 68, 69, 70, 72, 73, 74, 76, 253, 254, 256, 257, 258, 260, 37, 38, 40, 33, 34, 36, 129, 130, 132, 77, 78, 80, 81, 82, 84, 85, 86, 88, 89, 90, 92, 121, 122, 124, 117, 118, 120, 113, 114, 116, 109, 110, 112, 93, 94, 96, 125, 126, 128, 97, 98, 100, 101, 102, 104, 105, 106, 108, 25, 26, 28, 29, 30, 32, 41, 42, 44, 137, 138, 140, 49, 50, 52, 141, 142, 144, 45, 46, 48, 133, 134, 136]}}, {"model": "auth.user", "pk": 6, "fields": {"password": "pbkdf2_sha256$1200000$d5P9KYtREMu0hTPbLn2mzJ$ZZtPhJjd6lq8MKnsxXbBC+UutQK1dnzR0xzamLP8vkc=", "last_login": "2026-03-26T15:06:44.304Z", "is_superuser": false, "username": "eugenia.nin", "first_name": "Eugenia", "last_name": "Nin", "email": "", "is_staff": true, "is_active": true, "date_joined": "2026-03-25T10:45:28.172Z", "groups": [1, 2, 6], "user_permissions": [37, 38, 39, 40, 33, 34, 35, 36, 129, 130, 131, 132, 25, 26, 27, 28, 29, 30, 31, 32, 245, 246, 247, 248, 249, 250, 251, 252]}}, {"model": "auth.user", "pk": 7, "fields": {"password": "pbkdf2_sha256$1200000$tfqRDxQ9la9OTDvYLhiRAi$4l4rcmetqzbAWfpN6y/GT0SLazdsABrcs2Qelqe+Clk=", "last_login": null, "is_superuser": false, "username": "damian.bonavera", "first_name": "Damian", "last_name": "Bonavera", "email": "", "is_staff": true, "is_active": true, "date_joined": "2026-03-25T10:45:59.291Z", "groups": [], "user_permissions": [37, 38, 39, 40, 33, 34, 35, 36, 129, 130, 131, 132, 25, 26, 27, 28, 29, 30, 31, 32, 237, 238, 239, 240, 233, 234, 235, 236, 241, 242, 243, 244]}}, {"model": "auth.user", "pk": 8, "fields": {"password": "pbkdf2_sha256$1200000$P3mHDOm7wEni6xH4phjOD7$rhm3jrvLJLq27vxTaoK/3twlKiDOc9B2cvZ8m4eXeAg=", "last_login": null, "is_superuser": false, "username": "emilia.ardiani", "first_name": "Emilia", "last_name": "Ardiani", "email": "", "is_staff": true, "is_active": true, "date_joined": "2026-03-25T10:46:27.584Z", "groups": [], "user_permissions": [37, 38, 39, 40, 33, 34, 35, 36, 129, 130, 131, 132, 25, 26, 27, 28, 29, 30, 31, 32, 209, 210, 211, 212, 189, 190, 191, 192, 213, 214, 215, 216, 193, 194, 195, 196, 197, 198, 199, 200, 201, 202, 203, 204, 205, 206, 207, 208, 217, 218, 219, 220]}}, {"model": "auth.user", "pk": 9, "fields": {"password": "pbkdf2_sha256$1200000$DrHhRgP9hdB3hz3hPJCRow$5H6d4IzSsDzr8KiKVyAp9IKgLgLMRkodugX66WOud3w=", "last_login": "2026-03-25T14:33:49.435Z", "is_superuser": false, "username": "fernanda.olmedo", "first_name": "Fernanda", "last_name": "Olmedo", "email": "", "is_staff": true, "is_active": true, "date_joined": "2026-03-25T10:47:25.868Z", "groups": [], "user_permissions": [37, 38, 40, 33, 34, 36, 129, 130, 132, 25, 26, 28, 29, 30, 32, 245, 246, 248, 249, 250, 252]}}, {"model": "auth.user", "pk": 10, "fields": {"password": "pbkdf2_sha256$1200000$doqkeEB9dfSSf2oKpOq63z$KLNlPZXMhp2V4dVkjrkMfkK0pGczqrfKAu/8DE9SDbE=", "last_login": "2026-04-01T13:14:09.402Z", "is_superuser": false, "username": "31861718", "first_name": "Marcos", "last_name": "Zanini", "email": "markoszanini@gmail.com", "is_staff": false, "is_active": true, "date_joined": "2026-03-25T10:53:00.615Z", "groups": [], "user_permissions": []}}, {"model": "auth.user", "pk": 11, "fields": {"password": "pbkdf2_sha256$1200000$6AzW6uBYv1nGxZciyO3SxB$SawrGQujzoWM9O9p3M2fd55WmTRj+1TUHRfwkfqJqy0=", "last_login": "2026-03-26T12:55:48.879Z", "is_superuser": false, "username": "46295065", "first_name": "Tiago", "last_name": "Agustin", "email": "btiagoagustin@gmail.com", "is_staff": false, "is_active": true, "date_joined": "2026-03-26T12:55:48.334Z", "groups": [], "user_permissions": []}}, {"model": "auth.user", "pk": 12, "fields": {"password": "pbkdf2_sha256$1200000$o16t51btVa3eCXA27qejx9$QTKB8Fb89p+962Unih1m1bXrD7He3dHVcigxShcAhPg=", "last_login": "2026-03-26T13:07:17.704Z", "is_superuser": false, "username": "26912826", "first_name": "MARIELA NERINA", "last_name": "ARIAS", "email": "mariela.arias023@gmail.com", "is_staff": false, "is_active": true, "date_joined": "2026-03-26T13:07:17.214Z", "groups": [], "user_permissions": []}}, {"model": "auth.user", "pk": 13, "fields": {"password": "pbkdf2_sha256$1200000$qcQoYHRcjNlAvvRWKRXewh$q255FrTM61dPF/8nlip0/I4mydKZkqQSvwPNcBtjzeM=", "last_login": "2026-03-26T13:48:16.593Z", "is_superuser": false, "username": "28153104", "first_name": "pao", "last_name": "bonavera", "email": "bonaverapaola@gmail.com", "is_staff": false, "is_active": true, "date_joined": "2026-03-26T13:48:16.110Z", "groups": [], "user_permissions": []}}, {"model": "auth.user", "pk": 14, "fields": {"password": "pbkdf2_sha256$1200000$gIEbEu2PA486XJWQLXjDta$6Cf+wMSLBisMYqIqStB4QwyAdcIMj6vIzOEwuVwfHX0=", "last_login": "2026-03-31T13:35:37.776Z", "is_superuser": false, "username": "emilse.tasselli", "first_name": "Emilse", "last_name": "Tasselli", "email": "", "is_staff": true, "is_active": true, "date_joined": "2026-03-26T14:18:38.331Z", "groups": [], "user_permissions": [37, 38, 39, 40, 33, 34, 35, 36, 129, 130, 131, 132, 25, 26, 27, 28, 29, 30, 31, 32]}}, {"model": "auth.user", "pk": 15, "fields": {"password": "pbkdf2_sha256$1200000$kWawkglsmmKZQjpL0BVj8H$XOJPvZwAhAx/JVguGy0sEGfQMErwf7WTtxIgGydLvKs=", "last_login": "2026-03-31T13:34:38.185Z", "is_superuser": false, "username": "facundo.strano", "first_name": "Facundo", "last_name": "Strano", "email": "", "is_staff": true, "is_active": true, "date_joined": "2026-03-26T14:20:26.735Z", "groups": [], "user_permissions": [37, 38, 39, 40, 33, 34, 35, 36, 129, 130, 131, 132, 25, 26, 27, 28, 29, 30, 31, 32, 261, 262, 263, 264, 269, 270, 271, 272, 265, 266, 267, 268]}}, {"model": "auth.user", "pk": 16, "fields": {"password": "pbkdf2_sha256$1200000$K5S3fGmd5tqUm5axID2rsD$LLWJt4qnGBdtffA0Gu1i3OQEe4d3DFttKgNPI/XH3Ko=", "last_login": "2026-03-27T11:24:34.255Z", "is_superuser": false, "username": "diego.garcia", "first_name": "Diego", "last_name": "Garcia", "email": "diego@gmail.com", "is_staff": true, "is_active": true, "date_joined": "2026-03-27T11:18:06.186Z", "groups": [], "user_permissions": []}}, {"model": "auth.user", "pk": 17, "fields": {"password": "pbkdf2_sha256$1200000$PuapHZsCasR3wS92hmNjnC$dkp2f6PkL8NCIuUDFwexiZFZuuxZg+kpsXYqVoymDMs=", "last_login": "2026-03-27T15:16:21.614Z", "is_superuser": false, "username": "tiago.bernardis", "first_name": "Tiago", "last_name": "Bernardis", "email": "", "is_staff": true, "is_active": true, "date_joined": "2026-03-27T13:57:35.155Z", "groups": [], "user_permissions": [165, 166, 167, 168, 157, 158, 159, 160, 177, 178, 179, 180, 161, 162, 163, 164, 173, 174, 175, 176, 169, 170, 171, 172, 153, 154, 155, 156, 181, 182, 183, 184, 273, 274, 275, 276, 297, 298, 299, 300, 277, 278, 279, 280, 281, 282, 283, 284, 285, 286, 287, 288, 289, 290, 291, 292, 293, 294, 295, 296, 261, 262, 263, 264, 269, 270, 271, 272, 265, 266, 267, 268]}}, {"model": "auth.user", "pk": 18, "fields": {"password": "pbkdf2_sha256$1200000$0N5oIdg6BQpweYUALQ89zy$TkKd57M0dmWfaoBO1/Vsm3/pOdG8adgTjcNfbVSWTWU=", "last_login": "2026-03-27T14:02:06.678Z", "is_superuser": false, "username": "17099465", "first_name": "Alberto Julio", "last_name": "Yuale", "email": "alberto.yuale@gmail.com", "is_staff": false, "is_active": true, "date_joined": "2026-03-27T14:02:06.188Z", "groups": [], "user_permissions": []}}, {"model": "auth.user", "pk": 19, "fields": {"password": "pbkdf2_sha256$1200000$XS4d5Ur3XTTsxFcMT7qs0F$nLrkQRBO3bksDPAJCqXZ7jJCNccpT7/A6kG+ceRY1s8=", "last_login": "2026-03-30T11:38:33.819Z", "is_superuser": false, "username": "41924563", "first_name": "marqos", "last_name": "perez", "email": "servicioscasildensessapem@gmail.com", "is_staff": false, "is_active": true, "date_joined": "2026-03-30T11:38:33.308Z", "groups": [], "user_permissions": []}}, {"model": "auth.user", "pk": 20, "fields": {"password": "pbkdf2_sha256$1200000$3QhmC0uABv9U2G0eMFDBgd$IOpFFgdokMhIeNQ1+gFcl6RSXb0wnaiD0p94HZj26hA=", "last_login": "2026-03-31T10:53:27.837Z", "is_superuser": false, "username": "martin.nicolini", "first_name": "Martin", "last_name": "Nicolini", "email": "", "is_staff": true, "is_active": true, "date_joined": "2026-03-30T12:06:27.379Z", "groups": [], "user_permissions": []}}, {"model": "auth.user", "pk": 21, "fields": {"password": "pbkdf2_sha256$1200000$KPOT5wcxCBQy7GZTJDqnAd$RzEdaolsbLsVz/i9+51goOQNDf1ieRFo/IqwViMjZv0=", "last_login": "2026-03-30T15:00:09.241Z", "is_superuser": false, "username": "misabel.acciarini", "first_name": "Maria", "last_name": "Acciarini", "email": "", "is_staff": true, "is_active": true, "date_joined": "2026-03-30T14:30:23.252Z", "groups": [], "user_permissions": []}}, {"model": "auth.user", "pk": 22, "fields": {"password": "pbkdf2_sha256$1200000$1TI2I22w0ZSEJijXzht2cb$ZWpzyLK1n8WYJJ30mZPFqvXCBM3X+51dv8qUxL1Yd64=", "last_login": "2026-03-30T14:57:21.868Z", "is_superuser": false, "username": "16815536", "first_name": "Diego", "last_name": "Garcia", "email": "sdfsd@gmail.com", "is_staff": false, "is_active": true, "date_joined": "2026-03-30T14:57:21.380Z", "groups": [], "user_permissions": []}}, {"model": "auth.user", "pk": 23, "fields": {"password": "pbkdf2_sha256$1200000$vpExLLNzRTCerDTepgIP46$4PjsaurrOG8tv9OllODVPBqQfU5Xl9ROtpsB6mXz33c=", "last_login": "2026-04-01T14:37:57.557Z", "is_superuser": false, "username": "marcos.zanini", "first_name": "Marcos", "last_name": "Zanini", "email": "markoszanini@gmail.com", "is_staff": true, "is_active": true, "date_joined": "2026-03-31T11:09:27.120Z", "groups": [], "user_permissions": []}}, {"model": "auth.user", "pk": 24, "fields": {"password": "pbkdf2_sha256$1200000$KI5LpSbbgsOIGkTQNLBQcS$0WmrNssuBJ2xZesHLHNCODvhAsKSINrYuc3VkYo+pIg=", "last_login": "2026-04-01T10:46:59.027Z", "is_superuser": false, "username": "horacio.distefano", "first_name": "Horacio", "last_name": "Distefano", "email": "", "is_staff": true, "is_active": true, "date_joined": "2026-04-01T10:46:41.563Z", "groups": [], "user_permissions": []}}, {"model": "auth.user", "pk": 25, "fields": {"password": "pbkdf2_sha256$1200000$Z3NCat9supCHCepd6wTlPo$SrJKogH4iym7Xa4xDyrwbzC6NcBX/44IUhBw1lZekw8=", "last_login": "2026-04-01T13:37:48.137Z", "is_superuser": false, "username": "99999999", "first_name": "Lautaro Agustín", "last_name": "Aristimuño", "email": "lautaro.aristi13@gmail.com", "is_staff": false, "is_active": true, "date_joined": "2026-04-01T13:37:47.637Z", "groups": [], "user_permissions": []}}, {"model": "sessions.session", "pk": "0u7buvkscld5uwarocfy8j1l0ejrst59", "fields": {"session_data": ".eJxVjLsOwjAMAP_FM4ri0CZ2R_Z-Q-TECS2gVupjQvw7qtQB1rvTvSHKvg1xX8sSR4UO8AqXX5gkP8t0GH3IdJ9NnqdtGZM5EnPa1fSzltftbP8Gg6wDdOCJM7ItjZDWFjO7JgRp1XKxiBSoTehqcpVCIV9J0VdNyVXxyowKny_3qDgk:1w5l4K:5ZY-FZ4Z60iTLnV5iEiXG5ZcjKAVLmN0gn_XwoCoHuE", "expire_date": "2026-04-09T13:48:16.602Z"}}, {"model": "sessions.session", "pk": "15polz54npetz7bv3rvtetxmkksp53ve", "fields": {"session_data": ".eJxVjMsOgjAQAP9lz6bpg9aWo3e-odnudgU1kFA4Gf_dkHDQ68xk3pBx38a8t7rmiaEHA5dfVpCedT4EP3C-L4qWeVunoo5EnbapYeH6up3t32DENkIPLiXtoxOLnq5RpAbvTYeJffBkS3KFyYkTy6yZqybWRihUKzFh0R18vucFOJc:1w7wjT:zKX8lUEzqw6_R7pOShnAo0or0qthWZXcUcnfT7A9ts4", "expire_date": "2026-04-15T14:39:47.636Z"}}, {"model": "sessions.session", "pk": "89bddh7585ceyynxpyvxdakn28lqaruh", "fields": {"session_data": ".eJxVjMsOwiAQAP9lz4aU50KP3v0GssAiVdMmpT0Z_9006UGvM5N5Q6R9a3HvvMapwAgKLr8sUX7yfIjyoPm-iLzM2zolcSTitF3clsKv69n-DRr1BiNY75UruaJ2KIMx5IeCWaK3JqCyjNIyV826KldRkiYcSAdXM8rkdYDPF7yZNwc:1w3Y4J:3g3Xqt1arG8xr9GSDROkWuVKqLFC-7bqos6gWKsU4sc", "expire_date": "2026-04-03T11:31:07.183Z"}}, {"model": "sessions.session", "pk": "8bu9fdtclp82lqlqbj4edku0bkafgnfr", "fields": {"session_data": ".eJxVjDkOwjAQAP-yNbJ8xUdKet5g7dprHECJFCcV4u8oUgpoZ0bzhoT71tLeeU1TgRGUhMsvJMxPng9THjjfF5GXeVsnEkciTtvFbSn8up7t36BhbzBCpKBlGNAMRM4oa4yt2UkfI-sYFBJVLs5xLjVUWZV3haoijqitZ6fh8wX_Gjhx:1w68zk:KmPcRe5rWQXM9f05hAN17qWWek2uA9LY5VVqS2Z6eOw", "expire_date": "2026-04-10T15:21:08.507Z"}}, {"model": "sessions.session", "pk": "8xcjovu0temzhmd705w66uofudjp48oj", "fields": {"session_data": ".eJxVjMsOwiAQAP9lz4aU50KP3v0GssAiVdMmpT0Z_9006UGvM5N5Q6R9a3HvvMapwAgKLr8sUX7yfIjyoPm-iLzM2zolcSTitF3clsKv69n-DRr1BiNY75UruaJ2KIMx5IeCWaK3JqCyjNIyV826KldRkiYcSAdXM8rkdYDPF7yZNwc:1w3Y4z:ug9KQSlT2Rcs3N_vaPnn3IwrJZ618prnrDxHc29vO1w", "expire_date": "2026-04-03T11:31:49.728Z"}}, {"model": "sessions.session", "pk": "a0o2gj937czbmqm4ddg5ap6lqdv91lq2", "fields": {"session_data": ".eJxVjMsOwiAQAP9lz4awgIv06N1vIMtLqgaS0p6M_26a9KDXmcm8wfO2Vr-NvPg5wQQaTr8scHzmtov04HbvIva2LnMQeyIOO8Stp_y6Hu3foPKoMAGioygxWbQ6O60kWnvmXBwRRszRFaKkGKNkXYiKLuZCtqhgtAmoLHy-v6M3FA:1w7vNC:U94p3-Uaz-Gg5pdVqjkdM6EQMzHpXifJFFAiEcB7Foo", "expire_date": "2026-04-15T13:12:42.136Z"}}, {"model": "sessions.session", "pk": "cl1en69jk9uvto3qwdjqr8pcq6i0eq34", "fields": {"session_data": ".eJxVjMsOwiAQAP9lz4aU50KP3v0GssAiVdMmpT0Z_9006UGvM5N5Q6R9a3HvvMapwAgKLr8sUX7yfIjyoPm-iLzM2zolcSTitF3clsKv69n-DRr1BiNY75UruaJ2KIMx5IeCWaK3JqCyjNIyV826KldRkiYcSAdXM8rkdYDPF7yZNwc:1w3YIo:2vEJTp1FV0bNQ_auYzOFDlXBncX4XQoFKivoLpHPlV8", "expire_date": "2026-04-03T11:46:06.427Z"}}, {"model": "sessions.session", "pk": "di33qgbnyjbh6x5a6hko9swgd3xvo0vo", "fields": {"session_data": ".eJxVjLsOwjAMAP_FM4qM8wB3ZO83VEmckAJKpKadEP-OKnWA9e50b5j8tpZp62mZZoEBCOH0C4OPz1R3Iw9f703FVtdlDmpP1GG7Gpuk1-1o_wbF9wIDZBZES8KWOWI-M1FCp5kpaNFkOeckwaG-EGfywZh8RfExBiPGOgufL_J6N90:1w7E4C:PZq71a4lWaXGki15T79ge6yy6tHoCGwoVHZd7ZhN89M", "expire_date": "2026-04-13T14:58:12.554Z"}}, {"model": "sessions.session", "pk": "dnaax43wmcfni8wp79drgupkm8jzxaml", "fields": {"session_data": ".eJxVjEEOwiAQAP-yZ0OgFFh69O4byMKCrRpISnsy_t006UGvM5N5Q6B9m8Pe8xoWhgmUhMsvjJSeuR6GH1TvTaRWt3WJ4kjEabu4Nc6v69n-DWbqM0wwskenMWnPqiQejJZOOfbFIRsTB8uWR7QavZOE2qBJZcyciQp5QoTPF_I8OAM:1w7YFG:ds8WD3ig1-AlBGsN4lrLEur7eFhg1HqQc1nVcmKQIDE", "expire_date": "2026-04-14T12:30:58.060Z"}}, {"model": "sessions.session", "pk": "jp8s74z3qeqep6ifs464a1uaps69dwyy", "fields": {"session_data": ".eJxVjMsOwiAQAP9lz4aU50KP3v0GssAiVdMmpT0Z_9006UGvM5N5Q6R9a3HvvMapwAgKLr8sUX7yfIjyoPm-iLzM2zolcSTitF3clsKv69n-DRr1BiNY75UruaJ2KIMx5IeCWaK3JqCyjNIyV826KldRkiYcSAdXM8rkdYDPF7yZNwc:1w3Y8E:APXcMAhyoAQu-xTM9lvKTDXYunh6VO_XuU8GjLRtweI", "expire_date": "2026-04-03T11:35:10.102Z"}}, {"model": "sessions.session", "pk": "jsdoyugfxlb8ks3w1ypx9bs5bxohbsml", "fields": {"session_data": ".eJxVjMsOwiAQAP9lz4aU50KP3v0GssAiVdMmpT0Z_9006UGvM5N5Q6R9a3HvvMapwAgKLr8sUX7yfIjyoPm-iLzM2zolcSTitF3clsKv69n-DRr1BiNY75UruaJ2KIMx5IeCWaK3JqCyjNIyV826KldRkiYcSAdXM8rkdYDPF7yZNwc:1w3Yco:jPXBOu2Aizu51UiMyrwhQId-myNbHSU0PVBbthbskso", "expire_date": "2026-04-03T12:06:46.782Z"}}, {"model": "sessions.session", "pk": "jzo535v4jbothunuu0v20bmymacuiusy", "fields": {"session_data": ".eJxVjLsOwjAMAP_FM4qS1nl1ZOcbKsexaQG1Uh8T4t9RpQ6w3p3uDT3t29Dvqyz9WKED18DlFxbip0yHqQ-a7rPhedqWsZgjMaddzW2u8rqe7d9goHWADjCoStE2Jq82FN9WbFxiit5iblrUkjMKIWO0iZUdJyEtwjVktTnB5wsQ5Tiu:1w5kQf:VZU_kADpB4GssypuyTgARsgRPTXXZCYQaxRLlajJ-us", "expire_date": "2026-04-09T13:07:17.710Z"}}, {"model": "sessions.session", "pk": "l4jilw41xz7mk1fr0hlc9ootgbh2facz", "fields": {"session_data": ".eJxVjEEOwiAQAP-yZ0OAXUrbo_e-gSywStXQpLQn499Nkx70OjOZNwTetxL2JmuYM4xgHFx-YeT0lHqY_OB6X1Ra6rbOUR2JOm1T05LldT3bv0HhVmAE5ii9FfRGE9kuazM4QyQJceCOLXIy0TtPGvXN994Zi2iJ2FktETN8vuTFNsA:1w5lov:aoDaNe1QGv19O2P4ZlwJVWaldiLgD7l4G22qyV7vM4c", "expire_date": "2026-04-09T14:36:25.867Z"}}, {"model": "sessions.session", "pk": "ldau2lc7j5trx7o95urobpzxxmi9fbzy", "fields": {"session_data": ".eJxVjDEOgzAMAP_iuYqSNMYJY3fegOw4FNoKJAJT1b9XSAztene6N_S8b2O_17L2k0ILLsLlFwrnZ5kPow-e74vJy7ytk5gjMaetplu0vG5n-zcYuY7QQigOJRbNySUlf20EkcirBGtJUhrIo0cbxNkUFD1Fi0zYcFaOAwb4fAHsjDcl:1w67lG:Oby7CuhsY55uxp8x48LHRFdwCbfRd6YCSP0vMwk6EAE", "expire_date": "2026-04-10T14:02:06.686Z"}}, {"model": "sessions.session", "pk": "ljch94bu1ardrhbpzsgpri9svhwvg08t", "fields": {"session_data": ".eJxVjMsOwiAQAP9lz4awgIv06N1vIMtLqgaS0p6M_26a9KDXmcm8wfO2Vr-NvPg5wQQaTr8scHzmtov04HbvIva2LnMQeyIOO8Stp_y6Hu3foPKoMAGioygxWbQ6O60kWnvmXBwRRszRFaKkGKNkXYiKLuZCtqhgtAmoLHy-v6M3FA:1w7wrh:ybRbQspHJNW52FX29FIpYUDqefg8wrwof534mzWRDBI", "expire_date": "2026-04-15T14:48:17.544Z"}}, {"model": "sessions.session", "pk": "mdzyfy8bp1gkgaxl2b5nvjmlioctz9l1", "fields": {"session_data": ".eJxVjMsOgjAQAP9lz6bpg9aWo3e-odnudgU1kFA4Gf_dkHDQ68xk3pBx38a8t7rmiaEHA5dfVpCedT4EP3C-L4qWeVunoo5EnbapYeH6up3t32DENkIPLiXtoxOLnq5RpAbvTYeJffBkS3KFyYkTy6yZqybWRihUKzFh0R18vucFOJc:1w5m1D:brGFPLHLMOVGvLdxDoN9OoFkofPhtzT9Sns1fMplXEY", "expire_date": "2026-04-09T14:49:07.919Z"}}, {"model": "sessions.session", "pk": "pf07q89rb7t6wuoduj86l15clyb41dgj", "fields": {"session_data": ".eJxVjMsOgjAQAP9lz6bpg9aWo3e-odnudgU1kFA4Gf_dkHDQ68xk3pBx38a8t7rmiaEHA5dfVpCedT4EP3C-L4qWeVunoo5EnbapYeH6up3t32DENkIPLiXtoxOLnq5RpAbvTYeJffBkS3KFyYkTy6yZqybWRihUKzFh0R18vucFOJc:1w7sZ1:hRwQFyAYt74gd5C_AuAGuAB5EzHnIbU2elHZ-heXfDE", "expire_date": "2026-04-15T10:12:43.918Z"}}, {"model": "sessions.session", "pk": "phqsx58df82ibibpjlozb3j1ess5i3no", "fields": {"session_data": ".eJxVjMsOgjAQAP9lz6bpg9aWo3e-odnudgU1kFA4Gf_dkHDQ68xk3pBx38a8t7rmiaEHA5dfVpCedT4EP3C-L4qWeVunoo5EnbapYeH6up3t32DENkIPLiXtoxOLnq5RpAbvTYeJffBkS3KFyYkTy6yZqybWRihUKzFh0R18vucFOJc:1w3EwO:qeQN26WaPfgxMBH1Jn7V0B1gitr69CwdJccZAR2j_Wo", "expire_date": "2026-04-02T15:05:40.981Z"}}, {"model": "sessions.session", "pk": "pmjx08qc7z35o803krirgkjl5e6oacib", "fields": {"session_data": ".eJxVjLsKwzAMAP9FczGu5QQrY_d-Q5AtuU5bbMhjCv33EsjQrnfH7TDytpZxW3QeJ4EBXAeXXxg5vbQeRp5cH82kVtd5iuZIzGkXc2-i79vZ_g0KLwUG8Fb6bNl7EkKl4K4JuyxIpNZqUOkp5YioUYLLmcQyMXoKFjkwCny-Dx04fA:1w7vlU:wObKrwYd8PaujSKZSV31ot-gHXJXrhWEsw4DST4R-rA", "expire_date": "2026-04-15T13:37:48.142Z"}}, {"model": "sessions.session", "pk": "tvdeiux0e7jerlk3wow2vou8guyrtx4c", "fields": {"session_data": ".eJxVjDEOgzAMAP_iuYoS2yGBsXvfENkhFNoKJAJT1b9XSAztene6NyTZtzHttaxp6qEDx3D5hSr5WebD9A-Z74vJy7ytk5ojMaet5rb05XU927_BKHWEDsgNVlmRAw6ohBJdcewkiCKX6NU2gURtsNTk4pV9QGJq25jJCXr4fAHrpTby:1w7ZFp:V29GldJxOV_sXSHYrNI0BTjGWABAX1f5BlMt1a18mB0", "expire_date": "2026-04-14T13:35:37.780Z"}}, {"model": "sessions.session", "pk": "ufq9w0ix7tnrbdv7odk8eiqllcsqml8j", "fields": {"session_data": ".eJxVjMsOgjAQAP9lz6bpg9aWo3e-odnudgU1kFA4Gf_dkHDQ68xk3pBx38a8t7rmiaEHA5dfVpCedT4EP3C-L4qWeVunoo5EnbapYeH6up3t32DENkIPLiXtoxOLnq5RpAbvTYeJffBkS3KFyYkTy6yZqybWRihUKzFh0R18vucFOJc:1w7DOK:sKUu6YOFJqAW_7UU2HhLyBvHKO0DUyLNdx2taFb4bEA", "expire_date": "2026-04-13T14:14:56.173Z"}}, {"model": "sessions.session", "pk": "vcjje0tprphloncsjfljc1nllk21lqd1", "fields": {"session_data": ".eJxVjMsOwiAQAP9lz4aU50KP3v0GssAiVdMmpT0Z_9006UGvM5N5Q6R9a3HvvMapwAgKLr8sUX7yfIjyoPm-iLzM2zolcSTitF3clsKv69n-DRr1BiNY75UruaJ2KIMx5IeCWaK3JqCyjNIyV826KldRkiYcSAdXM8rkdYDPF7yZNwc:1w3Y3i:AmBaPAUyUrXkBd62Pluqdpb9QDMzQikF6TGsz1O3Aqc", "expire_date": "2026-04-03T11:30:30.355Z"}}, {"model": "sessions.session", "pk": "w2t9vq67p4fpr5e341skrd720yi22n17", "fields": {"session_data": ".eJxVjMsOwiAQAP9lz4aU50KP3v0GssAiVdMmpT0Z_9006UGvM5N5Q6R9a3HvvMapwAgKLr8sUX7yfIjyoPm-iLzM2zolcSTitF3clsKv69n-DRr1BiNY75UruaJ2KIMx5IeCWaK3JqCyjNIyV826KldRkiYcSAdXM8rkdYDPF7yZNwc:1w3YYS:1sz7bbjMmGqfGpRpiixyRMeLD_3aYT0P9Moc4vjdWpw", "expire_date": "2026-04-03T12:02:16.627Z"}}, {"model": "sessions.session", "pk": "w5gpc8hk15yxsos5v1gma1sn8824vvyp", "fields": {"session_data": ".eJxVjEEOwiAQAP-yZ0OgFFh69O4byMKCrRpISnsy_t006UGvM5N5Q6B9m8Pe8xoWhgmUhMsvjJSeuR6GH1TvTaRWt3WJ4kjEabu4Nc6v69n-DWbqM0wwskenMWnPqiQejJZOOfbFIRsTB8uWR7QavZOE2qBJZcyciQp5QoTPF_I8OAM:1w7A77:Y-RqSGhJ-RmbMnyVYAu3gra3eHfnd1IKKYYpNPn82bY", "expire_date": "2026-04-13T10:44:57.320Z"}}, {"model": "sessions.session", "pk": "wqgwl8g3gvzx6um8dan0dzd9rvd7cw8x", "fields": {"session_data": ".eJxVjMsOgjAQAP9lz6bpbumLo3e_gXS3raAGEgon478bEg56nZnMG4a0b-Owt7IOU4Ye0MPlF3KSZ5kPkx9pvi9KlnlbJ1ZHok7b1G3J5XU927_BmNoIPTBp27EkjZ6yaDRWPJkgoUZ2VqiGioxIOXofOWpdjDMOyXZUdXAJPl_yKzcI:1w67i9:9HQz8LeG2e2V55glq8Vba9nCijouXjUfHJY96k6i-KQ", "expire_date": "2026-04-10T13:58:53.332Z"}}, {"model": "sessions.session", "pk": "yhr4v3kckglquy0133uwko13bxr993jr", "fields": {"session_data": ".eJxVjMsOgjAQAP9lz6bpg9aWo3e-odnudgU1kFA4Gf_dkHDQ68xk3pBx38a8t7rmiaEHA5dfVpCedT4EP3C-L4qWeVunoo5EnbapYeH6up3t32DENkIPLiXtoxOLnq5RpAbvTYeJffBkS3KFyYkTy6yZqybWRihUKzFh0R18vucFOJc:1w5Nd4:riopDB1eK1UEnByxWkkyEnREyE8IsWAkkd70Dns3hwc", "expire_date": "2026-04-08T12:46:34.432Z"}}, {"model": "expedientes.expediente", "pk": 1, "fields": {"nro_expediente": "0001/2026", "fecha_ingreso": "2026-03-25", "origen_area": 23, "origen_direccion": null, "origen_departamento": 3, "origen_division": null, "origen_subdivision": null, "origen_seccion": null, "origen_oficina": null, "asunto": "Pepe.\r\nNo se como pasar a otra dependencia.", "actual_area": null, "actual_direccion": null, "actual_departamento": null, "actual_division": null, "actual_subdivision": null, "actual_seccion": null, "actual_oficina": 34, "fecha_salida": null, "estado": "En trámite", "observaciones": "", "registrado_por": "mariana.martinez", "foto": "", "vecino_titular": 2, "nombre_titular_manual": null, "apellido_titular_manual": null, "dni_titular_manual": null, "confirmado": true, "creado_por": null, "solicitante_interno": null, "dirigido_a": null, "destino_area_sugerido": null, "destino_direccion_sugerido": null, "destino_departamento_sugerido": null, "destino_division_sugerido": null, "destino_subdivision_sugerido": null, "destino_seccion_sugerido": null, "destino_oficina_sugerido": null, "visto": false, "ultima_resolucion": "Pase a OE"}}, {"model": "expedientes.expediente", "pk": 2, "fields": {"nro_expediente": "0002/2026", "fecha_ingreso": "2026-03-30", "origen_area": null, "origen_direccion": null, "origen_departamento": null, "origen_division": null, "origen_subdivision": null, "origen_seccion": null, "origen_oficina": null, "asunto": "Solicitud corte de calle", "actual_area": 3, "actual_direccion": 22, "actual_departamento": null, "actual_division": null, "actual_subdivision": null, "actual_seccion": null, "actual_oficina": null, "fecha_salida": null, "estado": "Pasar a tránsito.", "observaciones": "Ninguna", "registrado_por": null, "foto": "", "vecino_titular": 7, "nombre_titular_manual": null, "apellido_titular_manual": null, "dni_titular_manual": null, "confirmado": true, "creado_por": null, "solicitante_interno": null, "dirigido_a": null, "destino_area_sugerido": null, "destino_direccion_sugerido": null, "destino_departamento_sugerido": null, "destino_division_sugerido": null, "destino_subdivision_sugerido": null, "destino_seccion_sugerido": null, "destino_oficina_sugerido": null, "visto": false, "ultima_resolucion": null}}, {"model": "expedientes.expediente", "pk": 3, "fields": {"nro_expediente": "0003/2026", "fecha_ingreso": "2026-03-30", "origen_area": 24, "origen_direccion": null, "origen_departamento": null, "origen_division": null, "origen_subdivision": null, "origen_seccion": null, "origen_oficina": null, "asunto": "Prueba", "actual_area": null, "actual_direccion": null, "actual_departamento": null, "actual_division": null, "actual_subdivision": null, "actual_seccion": null, "actual_oficina": 27, "fecha_salida": null, "estado": "En trámite", "observaciones": "", "registrado_por": "mariana.martinez", "foto": "", "vecino_titular": null, "nombre_titular_manual": null, "apellido_titular_manual": null, "dni_titular_manual": null, "confirmado": true, "creado_por": 4, "solicitante_interno": 3, "dirigido_a": null, "destino_area_sugerido": null, "destino_direccion_sugerido": null, "destino_departamento_sugerido": null, "destino_division_sugerido": null, "destino_subdivision_sugerido": null, "destino_seccion_sugerido": null, "destino_oficina_sugerido": null, "visto": false, "ultima_resolucion": "Pase a Omic"}}, {"model": "expedientes.expediente", "pk": 4, "fields": {"nro_expediente": "0004/2026", "fecha_ingreso": "2026-03-30", "origen_area": 24, "origen_direccion": null, "origen_departamento": null, "origen_division": null, "origen_subdivision": null, "origen_seccion": null, "origen_oficina": null, "asunto": "Prueba 2", "actual_area": 2, "actual_direccion": null, "actual_departamento": null, "actual_division": null, "actual_subdivision": null, "actual_seccion": null, "actual_oficina": 11, "fecha_salida": null, "estado": "Pendiente de Confirmación", "observaciones": "No hay", "registrado_por": "mariana.martinez", "foto": "", "vecino_titular": null, "nombre_titular_manual": null, "apellido_titular_manual": null, "dni_titular_manual": null, "confirmado": true, "creado_por": 4, "solicitante_interno": 3, "dirigido_a": "José", "destino_area_sugerido": null, "destino_direccion_sugerido": null, "destino_departamento_sugerido": null, "destino_division_sugerido": null, "destino_subdivision_sugerido": null, "destino_seccion_sugerido": null, "destino_oficina_sugerido": null, "visto": false, "ultima_resolucion": null}}, {"model": "expedientes.expediente", "pk": 5, "fields": {"nro_expediente": "0005/2026", "fecha_ingreso": "2026-04-01", "origen_area": 1, "origen_direccion": null, "origen_departamento": null, "origen_division": null, "origen_subdivision": null, "origen_seccion": null, "origen_oficina": null, "asunto": "Turnos online", "actual_area": 21, "actual_direccion": 30, "actual_departamento": null, "actual_division": null, "actual_subdivision": null, "actual_seccion": null, "actual_oficina": null, "fecha_salida": null, "estado": "Pendiente de Confirmación", "observaciones": "", "registrado_por": "admin", "foto": "", "vecino_titular": null, "nombre_titular_manual": null, "apellido_titular_manual": null, "dni_titular_manual": null, "confirmado": true, "creado_por": 24, "solicitante_interno": 17, "dirigido_a": "Fernanda Olmedo", "destino_area_sugerido": null, "destino_direccion_sugerido": null, "destino_departamento_sugerido": null, "destino_division_sugerido": null, "destino_subdivision_sugerido": null, "destino_seccion_sugerido": null, "destino_oficina_sugerido": null, "visto": true, "ultima_resolucion": null}}, {"model": "expedientes.expediente", "pk": 6, "fields": {"nro_expediente": "0006/2026", "fecha_ingreso": "2026-04-01", "origen_area": 24, "origen_direccion": 26, "origen_departamento": null, "origen_division": null, "origen_subdivision": null, "origen_seccion": null, "origen_oficina": null, "asunto": "Marcos", "actual_area": 1, "actual_direccion": null, "actual_departamento": null, "actual_division": null, "actual_subdivision": null, "actual_seccion": null, "actual_oficina": 9, "fecha_salida": null, "estado": "En trámite", "observaciones": "", "registrado_por": "Martinez, Mariana", "foto": "", "vecino_titular": null, "nombre_titular_manual": null, "apellido_titular_manual": null, "dni_titular_manual": null, "confirmado": true, "creado_por": 23, "solicitante_interno": 16, "dirigido_a": null, "destino_area_sugerido": null, "destino_direccion_sugerido": null, "destino_departamento_sugerido": null, "destino_division_sugerido": null, "destino_subdivision_sugerido": null, "destino_seccion_sugerido": null, "destino_oficina_sugerido": null, "visto": false, "ultima_resolucion": null}}, {"model": "expedientes.movimientoexpediente", "pk": 1, "fields": {"expediente": 1, "fecha_pase": "2026-03-25T11:19:31.263Z", "destino_area": 1, "destino_direccion": null, "destino_departamento": null, "destino_division": null, "destino_subdivision": null, "destino_seccion": null, "destino_oficina": null, "estado": null, "observacion": "", "usuario_emisor": "mariana.martinez", "resolucion": null}}, {"model": "expedientes.movimientoexpediente", "pk": 2, "fields": {"expediente": 2, "fecha_pase": "2026-03-30T12:29:36.257Z", "destino_area": 3, "destino_direccion": 22, "destino_departamento": null, "destino_division": null, "destino_subdivision": null, "destino_seccion": null, "destino_oficina": null, "estado": null, "observacion": "", "usuario_emisor": "admin", "resolucion": null}}, {"model": "expedientes.movimientoexpediente", "pk": 3, "fields": {"expediente": 4, "fecha_pase": "2026-03-30T13:53:01.507Z", "destino_area": 2, "destino_direccion": null, "destino_departamento": null, "destino_division": null, "destino_subdivision": null, "destino_seccion": null, "destino_oficina": 11, "estado": null, "observacion": "", "usuario_emisor": "mariana.martinez", "resolucion": null}}, {"model": "expedientes.movimientoexpediente", "pk": 4, "fields": {"expediente": 3, "fecha_pase": "2026-04-01T10:47:40.064Z", "destino_area": 1, "destino_direccion": null, "destino_departamento": null, "destino_division": null, "destino_subdivision": null, "destino_seccion": null, "destino_oficina": null, "estado": null, "observacion": "", "usuario_emisor": "admin", "resolucion": ""}}, {"model": "expedientes.movimientoexpediente", "pk": 5, "fields": {"expediente": 3, "fecha_pase": "2026-04-01T10:57:51.959Z", "destino_area": null, "destino_direccion": null, "destino_departamento": null, "destino_division": null, "destino_subdivision": null, "destino_seccion": null, "destino_oficina": 27, "estado": "En Pase", "observacion": "", "usuario_emisor": "Distefano, Horacio", "resolucion": "Pase a Omic"}}, {"model": "expedientes.movimientoexpediente", "pk": 6, "fields": {"expediente": 5, "fecha_pase": "2026-04-01T10:58:34.057Z", "destino_area": 21, "destino_direccion": 30, "destino_departamento": null, "destino_division": null, "destino_subdivision": null, "destino_seccion": null, "destino_oficina": null, "estado": null, "observacion": "", "usuario_emisor": "admin", "resolucion": ""}}, {"model": "expedientes.movimientoexpediente", "pk": 7, "fields": {"expediente": 1, "fecha_pase": "2026-04-01T11:06:34.305Z", "destino_area": null, "destino_direccion": null, "destino_departamento": null, "destino_division": null, "destino_subdivision": null, "destino_seccion": null, "destino_oficina": 34, "estado": "En Pase", "observacion": "", "usuario_emisor": "Distefano, Horacio", "resolucion": "Pase a OE"}}, {"model": "expedientes.movimientoexpediente", "pk": 8, "fields": {"expediente": 6, "fecha_pase": "2026-04-01T11:54:43.291Z", "destino_area": 1, "destino_direccion": null, "destino_departamento": null, "destino_division": null, "destino_subdivision": null, "destino_seccion": null, "destino_oficina": 9, "estado": "Confirmado", "observacion": "", "usuario_emisor": "Martinez, Mariana", "resolucion": null}}, {"model": "expedientes.notificacionexpediente", "pk": 1, "fields": {"usuario": 21, "expediente": 3, "mensaje": "Nuevo expediente en su oficina: 0003/2026.", "fecha": "2026-04-01T10:57:51.972Z", "leido": false}}, {"model": "compras.ordencompra", "pk": 1, "fields": {"nro_oc": "555", "seccion_solicita": "Tránsito", "fecha_solicitud": "2026-03-20", "destino": "Feria", "observaciones": "Nada", "estado": "En curso", "registrado_por": "Facundo", "archivo_orden": "", "fecha_entrega": null, "quien_entrego": null, "observacion_entrega": null, "origen_fondos": "Propio"}}, {"model": "compras.ordencompra", "pk": 2, "fields": {"nro_oc": "888", "seccion_solicita": "Cultura", "fecha_solicitud": "2026-03-20", "destino": "Maraton", "observaciones": "", "estado": "Finalizado", "registrado_por": "Tiago", "archivo_orden": "", "fecha_entrega": "2026-03-20", "quien_entrego": "Emilse", "observacion_entrega": "Ninguna", "origen_fondos": "ARN"}}, {"model": "compras.ordencompra", "pk": 3, "fields": {"nro_oc": "9999", "seccion_solicita": "dddd", "fecha_solicitud": "2026-03-20", "destino": "ddd", "observaciones": "ddd", "estado": "Finalizado", "registrado_por": "ddddd", "archivo_orden": "", "fecha_entrega": "2026-03-20", "quien_entrego": "55555", "observacion_entrega": "dsfdsfsddf", "origen_fondos": "ddd"}}, {"model": "compras.ordencompra", "pk": 4, "fields": {"nro_oc": "111", "seccion_solicita": "aaaa", "fecha_solicitud": "2026-03-20", "destino": "aaa", "observaciones": "aaa", "estado": "Finalizado", "registrado_por": "aaa", "archivo_orden": "", "fecha_entrega": "2026-03-20", "quien_entrego": "ddd", "observacion_entrega": "ddd", "origen_fondos": "aaa"}}, {"model": "compras.ordencompra", "pk": 5, "fields": {"nro_oc": null, "seccion_solicita": "Área de Producción, Ciencia y Tecnología", "fecha_solicitud": "2026-03-30", "destino": "Feria", "observaciones": "Nada", "estado": "En curso", "registrado_por": "Alicia Ordasso", "archivo_orden": "", "fecha_entrega": null, "quien_entrego": null, "observacion_entrega": null, "origen_fondos": "ANR"}}, {"model": "compras.detalleordencompra", "pk": 1, "fields": {"orden_compra": 2, "item": null, "descripcion": "Remeras", "cantidad_pedida": 10, "cantidad_recibida": 0, "fecha_recepcion": null, "recibido_por": null, "traido_por": null, "observaciones": "Llegaron 5", "estado": "Pendiente"}}, {"model": "compras.detalleordencompra", "pk": 2, "fields": {"orden_compra": 2, "item": null, "descripcion": "Pantalones", "cantidad_pedida": 10, "cantidad_recibida": 0, "fecha_recepcion": null, "recibido_por": null, "traido_por": null, "observaciones": "Llegaron 5", "estado": "Pendiente"}}, {"model": "compras.detalleordencompra", "pk": 3, "fields": {"orden_compra": 4, "item": null, "descripcion": "aaa", "cantidad_pedida": 12, "cantidad_recibida": 0, "fecha_recepcion": null, "recibido_por": null, "traido_por": null, "observaciones": "dsdd", "estado": "En curso"}}, {"model": "compras.detalleordencompra", "pk": 4, "fields": {"orden_compra": 4, "item": null, "descripcion": "bbb", "cantidad_pedida": 12, "cantidad_recibida": 0, "fecha_recepcion": null, "recibido_por": null, "traido_por": null, "observaciones": "sdsd", "estado": "En curso"}}, {"model": "compras.detalleordencompra", "pk": 5, "fields": {"orden_compra": 5, "item": 1, "descripcion": "Sillas", "cantidad_pedida": 10, "cantidad_recibida": 0, "fecha_recepcion": null, "recibido_por": null, "traido_por": null, "observaciones": null, "estado": "En curso"}}, {"model": "compras.detalleordencompra", "pk": 6, "fields": {"orden_compra": 5, "item": 2, "descripcion": "Tablones", "cantidad_pedida": 5, "cantidad_recibida": 0, "fecha_recepcion": null, "recibido_por": null, "traido_por": null, "observaciones": null, "estado": "En curso"}}, {"model": "ferias.rubroferiante", "pk": 1, "fields": {"nombre": "Gastronomía", "estado": "ACTIVO"}}, {"model": "ferias.rubroferiante", "pk": 2, "fields": {"nombre": "Arte visual", "estado": "ACTIVO"}}, {"model": "ferias.rubroferiante", "pk": 3, "fields": {"nombre": "Indumentaria y accesorios", "estado": "ACTIVO"}}, {"model": "ferias.rubroferiante", "pk": 4, "fields": {"nombre": "Bienestar", "estado": "ACTIVO"}}, {"model": "ferias.rubroferiante", "pk": 5, "fields": {"nombre": "Decoración y hogar", "estado": "ACTIVO"}}, {"model": "ferias.rubroferiante", "pk": 6, "fields": {"nombre": "Reventa / Varios", "estado": "ACTIVO"}}, {"model": "ferias.rubroferiante", "pk": 7, "fields": {"nombre": "Institucional / Comunitarios", "estado": "ACTIVO"}}, {"model": "ferias.rubroferiante", "pk": 8, "fields": {"nombre": "Cultura pop y coleccionables", "estado": "ACTIVO"}}, {"model": "ferias.subrubroferiante", "pk": 1, "fields": {"rubro": 1, "nombre": "Panificados"}}, {"model": "ferias.subrubroferiante", "pk": 2, "fields": {"rubro": 1, "nombre": "Alfajores"}}, {"model": "ferias.subrubroferiante", "pk": 3, "fields": {"rubro": 1, "nombre": "Pastelería"}}, {"model": "ferias.subrubroferiante", "pk": 4, "fields": {"rubro": 1, "nombre": "Comidas regionales"}}, {"model": "ferias.subrubroferiante", "pk": 5, "fields": {"rubro": 1, "nombre": "Bebidas artesanales"}}, {"model": "ferias.subrubroferiante", "pk": 6, "fields": {"rubro": 1, "nombre": "Artículos libres de gluten"}}, {"model": "ferias.subrubroferiante", "pk": 7, "fields": {"rubro": 2, "nombre": "Ilustración"}}, {"model": "ferias.subrubroferiante", "pk": 8, "fields": {"rubro": 2, "nombre": "Calcomanías e imanes"}}, {"model": "ferias.subrubroferiante", "pk": 9, "fields": {"rubro": 3, "nombre": "Bolsos y mochilas"}}, {"model": "ferias.subrubroferiante", "pk": 10, "fields": {"rubro": 3, "nombre": "Marroquinería"}}, {"model": "ferias.subrubroferiante", "pk": 11, "fields": {"rubro": 4, "nombre": "Aromas textiles"}}, {"model": "ferias.subrubroferiante", "pk": 12, "fields": {"rubro": 4, "nombre": "Velas"}}, {"model": "ferias.subrubroferiante", "pk": 13, "fields": {"rubro": 4, "nombre": "Cosmética natural"}}, {"model": "ferias.subrubroferiante", "pk": 14, "fields": {"rubro": 5, "nombre": "Madera / Carpintería - Metales / Herrería"}}, {"model": "ferias.subrubroferiante", "pk": 15, "fields": {"rubro": 5, "nombre": "Cerámica – Porcelana fría"}}, {"model": "ferias.subrubroferiante", "pk": 16, "fields": {"rubro": 5, "nombre": "Plantas ornamentales"}}, {"model": "ferias.subrubroferiante", "pk": 17, "fields": {"rubro": 6, "nombre": "Mates"}}, {"model": "ferias.subrubroferiante", "pk": 18, "fields": {"rubro": 6, "nombre": "Perfumes alternativos"}}, {"model": "ferias.subrubroferiante", "pk": 19, "fields": {"rubro": 6, "nombre": "Cremas y cosméticos"}}, {"model": "ferias.subrubroferiante", "pk": 20, "fields": {"rubro": 6, "nombre": "Artículos de bazar"}}, {"model": "ferias.subrubroferiante", "pk": 21, "fields": {"rubro": 1, "nombre": "Dulces artesanales"}}, {"model": "ferias.subrubroferiante", "pk": 22, "fields": {"rubro": 1, "nombre": "Mermeladas"}}, {"model": "ferias.subrubroferiante", "pk": 23, "fields": {"rubro": 1, "nombre": "Chocolates"}}, {"model": "ferias.subrubroferiante", "pk": 24, "fields": {"rubro": 1, "nombre": "Salames y quesos artesanales"}}, {"model": "ferias.subrubroferiante", "pk": 25, "fields": {"rubro": 1, "nombre": "Hierbas naturales"}}, {"model": "ferias.subrubroferiante", "pk": 26, "fields": {"rubro": 2, "nombre": "Pintura"}}, {"model": "ferias.subrubroferiante", "pk": 27, "fields": {"rubro": 2, "nombre": "Fotografía"}}, {"model": "ferias.subrubroferiante", "pk": 28, "fields": {"rubro": 2, "nombre": "Diseño gráfico"}}, {"model": "ferias.subrubroferiante", "pk": 29, "fields": {"rubro": 3, "nombre": "Ropa artesanal"}}, {"model": "ferias.subrubroferiante", "pk": 30, "fields": {"rubro": 3, "nombre": "Calzados"}}, {"model": "ferias.subrubroferiante", "pk": 31, "fields": {"rubro": 3, "nombre": "Accesorios textiles"}}, {"model": "ferias.subrubroferiante", "pk": 32, "fields": {"rubro": 3, "nombre": "Bijou"}}, {"model": "ferias.subrubroferiante", "pk": 33, "fields": {"rubro": 4, "nombre": "Spray áuricos"}}, {"model": "ferias.subrubroferiante", "pk": 34, "fields": {"rubro": 4, "nombre": "Sahumerios"}}, {"model": "ferias.subrubroferiante", "pk": 35, "fields": {"rubro": 4, "nombre": "Piedras"}}, {"model": "ferias.subrubroferiante", "pk": 36, "fields": {"rubro": 5, "nombre": "Vidrio"}}, {"model": "ferias.subrubroferiante", "pk": 37, "fields": {"rubro": 5, "nombre": "Tejido"}}, {"model": "ferias.subrubroferiante", "pk": 38, "fields": {"rubro": 5, "nombre": "Papel"}}, {"model": "ferias.subrubroferiante", "pk": 39, "fields": {"rubro": 5, "nombre": "Duendes, atrapasueños, muñecos, etc"}}, {"model": "ferias.subrubroferiante", "pk": 40, "fields": {"rubro": 7, "nombre": "ONG"}}, {"model": "ferias.subrubroferiante", "pk": 41, "fields": {"rubro": 7, "nombre": "Cooperativa"}}, {"model": "ferias.subrubroferiante", "pk": 42, "fields": {"rubro": 7, "nombre": "Proyecto social"}}, {"model": "ferias.subrubroferiante", "pk": 43, "fields": {"rubro": 8, "nombre": "Sellos"}}, {"model": "ferias.subrubroferiante", "pk": 44, "fields": {"rubro": 8, "nombre": "Juegos de mesa"}}, {"model": "ferias.subrubroferiante", "pk": 61, "fields": {"rubro": 7, "nombre": "Institucione educativa"}}, {"model": "ferias.subrubroferiante", "pk": 62, "fields": {"rubro": 8, "nombre": "Calcomanías e imanes"}}, {"model": "ferias.subrubroferiante", "pk": 63, "fields": {"rubro": 8, "nombre": "Pines"}}, {"model": "ferias.subrubroferiante", "pk": 64, "fields": {"rubro": 8, "nombre": "Objetos 3D"}}, {"model": "ferias.subrubroferiante", "pk": 65, "fields": {"rubro": 8, "nombre": "Artículos retro"}}, {"model": "ferias.subrubroferiante", "pk": 66, "fields": {"rubro": 1, "nombre": "Huerta orgánica"}}, {"model": "ferias.feriante", "pk": 1, "fields": {"nombre": "Marcos", "apellido": "Zanini", "dni": "31861718", "sexo": "Masculino", "mail": "markoszanini@gmail.com", "telefono": "3464552083", "localidad": 1, "calle": null, "altura": null, "red_social": "Zanini", "nombre_emprendimiento": "Zanini SRL", "tipo_elaboracion": "Artesanal", "observaciones": "", "estado": "ACTIVO", "fecha_alta": "2026-03-25T11:28:34.469Z", "foto": "", "rubro": 2, "subrubro": 28, "vecino_titular": 2, "rubros": [], "capacitaciones": []}}, {"model": "ferias.feriante", "pk": 2, "fields": {"nombre": "pao", "apellido": "bonavera", "dni": "28153104", "sexo": "Femenino", "mail": "bonaverapaola@gmail.com", "telefono": "2473463967", "localidad": 1, "calle": "1 de Mayo", "altura": "1334", "red_social": null, "nombre_emprendimiento": "un buen corte", "tipo_elaboracion": "Mixto", "observaciones": "...", "estado": "ACTIVO", "fecha_alta": "2026-03-26T13:50:35.448Z", "foto": "", "rubro": 1, "subrubro": 6, "vecino_titular": 5, "rubros": [], "capacitaciones": []}}, {"model": "ferias.feriante", "pk": 3, "fields": {"nombre": "marqos", "apellido": "perez", "dni": "41924563", "sexo": "Masculino", "mail": "tuvi@gmail.com", "telefono": "3464445566", "localidad": 20, "calle": "casado", "altura": "2090", "red_social": "facebook", "nombre_emprendimiento": "servicios varios", "tipo_elaboracion": "Reventa", "observaciones": "", "estado": "ACTIVO", "fecha_alta": "2026-03-30T12:19:49.633Z", "foto": "", "rubro": 5, "subrubro": 39, "vecino_titular": 7, "rubros": [], "capacitaciones": []}}, {"model": "ferias.feria", "pk": 1, "fields": {"nombre": "Caracol", "fecha": "2026-03-26", "horario": "21", "lugar": "Plaza", "observaciones": "", "estado": "REALIZADA", "fecha_creacion": "2026-03-25T11:29:06.982Z"}}, {"model": "ferias.inscripcionferia", "pk": 1, "fields": {"feria": 1, "feriante": 1, "fecha_inscripcion": "2026-03-25T11:29:14.172Z", "estado": "CONFIRMADO"}}, {"model": "ferias.inscripcionferia", "pk": 2, "fields": {"feria": 1, "feriante": 2, "fecha_inscripcion": "2026-03-26T13:51:06.147Z", "estado": "CONFIRMADO"}}, {"model": "ferias.inscripcionferia", "pk": 3, "fields": {"feria": 1, "feriante": 3, "fecha_inscripcion": "2026-03-30T12:20:14.223Z", "estado": "SOLICITADO"}}, {"model": "apicultura.apicultor", "pk": 1, "fields": {"apellido": "Strano", "nombre": "Facundo", "dni": "30000000", "telefono": "123666999", "email": "facu@gmail.com", "localidad": 3, "calle": null, "altura": null, "cuit_cuil": "20300000000", "estado": "Activo", "observaciones": "No paga", "fecha_alta": "2026-03-25T12:55:32.717Z"}}, {"model": "apicultura.extraccion", "pk": 1, "fields": {"apicultor": 1, "fecha_extraccion": "2026-03-25", "temporada": null, "tipo_miel": null, "total_kg": "100.00", "precio_por_kg": "20.00", "forma_pago": "DINERO", "observaciones": "No paga", "fecha_carga": "2026-03-25T12:55:57.362Z", "id_operador": "alicia.ordasso", "nro_consecutivo": "EXT-2026-001"}}, {"model": "apicultura.liquidacionextraccion", "pk": 1, "fields": {"extraccion": 1, "porcentaje_total": "10.00", "kg_retencion": null, "importe_retencion": "200.00", "forma_pago": "DINERO", "tipo_concepto": "TOTAL", "sub_porcentaje": null}}, {"model": "apicultura.liquidacionextraccion", "pk": 2, "fields": {"extraccion": 1, "porcentaje_total": "10.00", "kg_retencion": null, "importe_retencion": "40.00", "forma_pago": "DINERO", "tipo_concepto": "SERV_EXT", "sub_porcentaje": "2.00"}}, {"model": "apicultura.liquidacionextraccion", "pk": 3, "fields": {"extraccion": 1, "porcentaje_total": "10.00", "kg_retencion": null, "importe_retencion": "100.00", "forma_pago": "DINERO", "tipo_concepto": "SERV_MANT", "sub_porcentaje": "5.00"}}, {"model": "apicultura.liquidacionextraccion", "pk": 4, "fields": {"extraccion": 1, "porcentaje_total": "10.00", "kg_retencion": null, "importe_retencion": "60.00", "forma_pago": "DINERO", "tipo_concepto": "MUNICIPALIDAD", "sub_porcentaje": "3.00"}}, {"model": "empleo.rubroempleo", "pk": 2, "fields": {"descripcion": "Operario de Planta", "activo": "S"}}, {"model": "empleo.rubroempleo", "pk": 3, "fields": {"descripcion": "Tornería / CNC", "activo": "S"}}, {"model": "empleo.rubroempleo", "pk": 4, "fields": {"descripcion": "Carpintería / Herrería", "activo": "S"}}, {"model": "empleo.rubroempleo", "pk": 5, "fields": {"descripcion": "Electricidad Industrial", "activo": "S"}}, {"model": "empleo.rubroempleo", "pk": 6, "fields": {"descripcion": "Construcción / Albañilería", "activo": "S"}}, {"model": "empleo.rubroempleo", "pk": 7, "fields": {"descripcion": "Electricidad Domiciliaria", "activo": "S"}}, {"model": "empleo.rubroempleo", "pk": 8, "fields": {"descripcion": "Jardinería / Parquización", "activo": "S"}}, {"model": "empleo.rubroempleo", "pk": 9, "fields": {"descripcion": "Administrativo / Contable", "activo": "S"}}, {"model": "empleo.rubroempleo", "pk": 10, "fields": {"descripcion": "Logística / Depósito", "activo": "S"}}, {"model": "empleo.rubroempleo", "pk": 11, "fields": {"descripcion": "Salud", "activo": "S"}}, {"model": "empleo.rubroempleo", "pk": 12, "fields": {"descripcion": "Tecnología / Sistemas", "activo": "S"}}, {"model": "empleo.rubroempleo", "pk": 13, "fields": {"descripcion": "Agro / Campo", "activo": "S"}}, {"model": "empleo.rubroempleo", "pk": 14, "fields": {"descripcion": "Otros Oficios", "activo": "S"}}, {"model": "empleo.rubroempleo", "pk": 21, "fields": {"descripcion": "Metalúrgica / Soldadura", "activo": "S"}}, {"model": "empleo.rubroempleo", "pk": 22, "fields": {"descripcion": "Mantenimiento Industrial", "activo": "S"}}, {"model": "empleo.rubroempleo", "pk": 23, "fields": {"descripcion": "Mecánica Automotriz", "activo": "S"}}, {"model": "empleo.rubroempleo", "pk": 24, "fields": {"descripcion": "Gasista / Plomería", "activo": "S"}}, {"model": "empleo.rubroempleo", "pk": 25, "fields": {"descripcion": "Refrigeración / HVAC", "activo": "S"}}, {"model": "empleo.rubroempleo", "pk": 26, "fields": {"descripcion": "Atención al Público", "activo": "S"}}, {"model": "empleo.rubroempleo", "pk": 27, "fields": {"descripcion": "Ventas / Comercial", "activo": "S"}}, {"model": "empleo.rubroempleo", "pk": 28, "fields": {"descripcion": "Gastronomía", "activo": "S"}}, {"model": "empleo.rubroempleo", "pk": 29, "fields": {"descripcion": "Educación", "activo": "S"}}, {"model": "empleo.rubroempleo", "pk": 41, "fields": {"descripcion": "Servicio Doméstico", "activo": "S"}}, {"model": "empleo.puestoempleo", "pk": 2, "fields": {"rubro": 2, "descripcion": "Operario de línea", "activo": "S"}}, {"model": "empleo.puestoempleo", "pk": 5, "fields": {"rubro": 4, "descripcion": "Herrero", "activo": "S"}}, {"model": "empleo.puestoempleo", "pk": 11, "fields": {"rubro": 11, "descripcion": "Médico", "activo": "S"}}, {"model": "empleo.puestoempleo", "pk": 12, "fields": {"rubro": 13, "descripcion": "Peón rural", "activo": "S"}}, {"model": "empleo.puestoempleo", "pk": 13, "fields": {"rubro": 13, "descripcion": "Tractorista", "activo": "S"}}, {"model": "empleo.puestoempleo", "pk": 14, "fields": {"rubro": 26, "descripcion": "Atención al cliente", "activo": "S"}}, {"model": "empleo.puestoempleo", "pk": 16, "fields": {"rubro": 27, "descripcion": "Telemarketer", "activo": "S"}}, {"model": "empleo.puestoempleo", "pk": 18, "fields": {"rubro": 14, "descripcion": "Carga/descarga", "activo": "S"}}, {"model": "empleo.puestoempleo", "pk": 19, "fields": {"rubro": 23, "descripcion": "Mecánico", "activo": "S"}}, {"model": "empleo.puestoempleo", "pk": 20, "fields": {"rubro": 6, "descripcion": "Albañil", "activo": "S"}}, {"model": "empleo.puestoempleo", "pk": 24, "fields": {"rubro": 5, "descripcion": "Instrumentista", "activo": "S"}}, {"model": "empleo.puestoempleo", "pk": 25, "fields": {"rubro": 9, "descripcion": "Administrativo", "activo": "S"}}, {"model": "empleo.puestoempleo", "pk": 27, "fields": {"rubro": 11, "descripcion": "Acompañante terapéutico", "activo": "S"}}, {"model": "empleo.puestoempleo", "pk": 28, "fields": {"rubro": 21, "descripcion": "Soldador", "activo": "S"}}, {"model": "empleo.puestoempleo", "pk": 32, "fields": {"rubro": 10, "descripcion": "Depósito", "activo": "S"}}, {"model": "empleo.puestoempleo", "pk": 33, "fields": {"rubro": 6, "descripcion": "Oficial", "activo": "S"}}, {"model": "empleo.puestoempleo", "pk": 34, "fields": {"rubro": 24, "descripcion": "Gasista", "activo": "S"}}, {"model": "empleo.puestoempleo", "pk": 35, "fields": {"rubro": 24, "descripcion": "Plomero", "activo": "S"}}, {"model": "empleo.puestoempleo", "pk": 36, "fields": {"rubro": 22, "descripcion": "Mantenimiento general", "activo": "S"}}, {"model": "empleo.puestoempleo", "pk": 37, "fields": {"rubro": 8, "descripcion": "Jardinero", "activo": "S"}}, {"model": "empleo.puestoempleo", "pk": 41, "fields": {"rubro": 6, "descripcion": "Medio oficial", "activo": "S"}}, {"model": "empleo.puestoempleo", "pk": 42, "fields": {"rubro": 29, "descripcion": "Auxiliar de educación", "activo": "S"}}, {"model": "empleo.puestoempleo", "pk": 44, "fields": {"rubro": 12, "descripcion": "Soporte técnico", "activo": "S"}}, {"model": "empleo.puestoempleo", "pk": 45, "fields": {"rubro": 12, "descripcion": "Programador", "activo": "S"}}, {"model": "empleo.puestoempleo", "pk": 61, "fields": {"rubro": 2, "descripcion": "Operario general", "activo": "S"}}, {"model": "empleo.puestoempleo", "pk": 62, "fields": {"rubro": 2, "descripcion": "Operario de limpieza industrial", "activo": "S"}}, {"model": "empleo.puestoempleo", "pk": 64, "fields": {"rubro": 2, "descripcion": "Auxiliar de producción", "activo": "S"}}, {"model": "empleo.puestoempleo", "pk": 66, "fields": {"rubro": 4, "descripcion": "Ayudante de herrería", "activo": "S"}}, {"model": "empleo.puestoempleo", "pk": 68, "fields": {"rubro": 5, "descripcion": "Ayudante electricista industrial", "activo": "S"}}, {"model": "empleo.puestoempleo", "pk": 70, "fields": {"rubro": 8, "descripcion": "Podador", "activo": "S"}}, {"model": "empleo.puestoempleo", "pk": 71, "fields": {"rubro": 8, "descripcion": "Riego manual", "activo": "S"}}, {"model": "empleo.puestoempleo", "pk": 72, "fields": {"rubro": 8, "descripcion": "Mantenimiento de espacios verdes", "activo": "S"}}, {"model": "empleo.puestoempleo", "pk": 74, "fields": {"rubro": 10, "descripcion": "Repositor", "activo": "S"}}, {"model": "empleo.puestoempleo", "pk": 76, "fields": {"rubro": 11, "descripcion": "Recepción médica", "activo": "S"}}, {"model": "empleo.puestoempleo", "pk": 77, "fields": {"rubro": 13, "descripcion": "Ayudante tambo", "activo": "S"}}, {"model": "empleo.puestoempleo", "pk": 83, "fields": {"rubro": 4, "descripcion": "Ayudante de carpintería", "activo": "S"}}, {"model": "empleo.puestoempleo", "pk": 84, "fields": {"rubro": 4, "descripcion": "Operario de taller", "activo": "S"}}, {"model": "empleo.puestoempleo", "pk": 85, "fields": {"rubro": 4, "descripcion": "Lijador", "activo": "S"}}, {"model": "empleo.puestoempleo", "pk": 86, "fields": {"rubro": 5, "descripcion": "Cableador", "activo": "S"}}, {"model": "empleo.puestoempleo", "pk": 87, "fields": {"rubro": 5, "descripcion": "Canalizador", "activo": "S"}}, {"model": "empleo.puestoempleo", "pk": 88, "fields": {"rubro": 6, "descripcion": "Peón de obra", "activo": "S"}}, {"model": "empleo.puestoempleo", "pk": 89, "fields": {"rubro": 6, "descripcion": "Ayudante de albañil", "activo": "S"}}, {"model": "empleo.puestoempleo", "pk": 92, "fields": {"rubro": 8, "descripcion": "Peón de vivero", "activo": "S"}}, {"model": "empleo.puestoempleo", "pk": 94, "fields": {"rubro": 10, "descripcion": "Embalador", "activo": "S"}}, {"model": "empleo.puestoempleo", "pk": 104, "fields": {"rubro": 22, "descripcion": "Engrasador", "activo": "S"}}, {"model": "empleo.puestoempleo", "pk": 107, "fields": {"rubro": 24, "descripcion": "Ayudante de plomería", "activo": "S"}}, {"model": "empleo.puestoempleo", "pk": 109, "fields": {"rubro": 27, "descripcion": "Cajero", "activo": "S"}}, {"model": "empleo.puestoempleo", "pk": 121, "fields": {"rubro": 22, "descripcion": "Lubricador", "activo": "S"}}, {"model": "empleo.puestoempleo", "pk": 122, "fields": {"rubro": 23, "descripcion": "Lavado automotor", "activo": "S"}}, {"model": "empleo.puestoempleo", "pk": 143, "fields": {"rubro": 11, "descripcion": "Odontólogo/a", "activo": "S"}}, {"model": "empleo.puestoempleo", "pk": 144, "fields": {"rubro": 11, "descripcion": "Asistente Odontológico", "activo": "S"}}, {"model": "empleo.puestoempleo", "pk": 165, "fields": {"rubro": 11, "descripcion": "Psicólogo/a", "activo": "S"}}, {"model": "empleo.puestoempleo", "pk": 171, "fields": {"rubro": 11, "descripcion": "Chofer de Ambulancia", "activo": "S"}}, {"model": "portal.localidad", "pk": 1, "fields": {"nombre": "Casilda", "codigo_postal": null}}, {"model": "portal.localidad", "pk": 2, "fields": {"nombre": "Arteaga", "codigo_postal": null}}, {"model": "portal.localidad", "pk": 3, "fields": {"nombre": "Arequito", "codigo_postal": null}}, {"model": "portal.localidad", "pk": 4, "fields": {"nombre": "Berabevú", "codigo_postal": null}}, {"model": "portal.localidad", "pk": 5, "fields": {"nombre": "Chañar Ladeado", "codigo_postal": null}}, {"model": "portal.localidad", "pk": 6, "fields": {"nombre": "Gödeken", "codigo_postal": null}}, {"model": "portal.localidad", "pk": 7, "fields": {"nombre": "Sanford", "codigo_postal": null}}, {"model": "portal.localidad", "pk": 8, "fields": {"nombre": "Bigand", "codigo_postal": null}}, {"model": "portal.localidad", "pk": 9, "fields": {"nombre": "Chabás", "codigo_postal": null}}, {"model": "portal.localidad", "pk": 10, "fields": {"nombre": "Los Molinos", "codigo_postal": null}}, {"model": "portal.localidad", "pk": 11, "fields": {"nombre": "Villada", "codigo_postal": null}}, {"model": "portal.localidad", "pk": 12, "fields": {"nombre": "Fuentes", "codigo_postal": null}}, {"model": "portal.localidad", "pk": 13, "fields": {"nombre": "Rosario", "codigo_postal": null}}, {"model": "portal.localidad", "pk": 14, "fields": {"nombre": "Venado Tuerto", "codigo_postal": null}}, {"model": "portal.localidad", "pk": 15, "fields": {"nombre": "San Lorenzo", "codigo_postal": null}}, {"model": "portal.localidad", "pk": 16, "fields": {"nombre": "Villa Constitución", "codigo_postal": null}}, {"model": "portal.localidad", "pk": 17, "fields": {"nombre": "Firmat", "codigo_postal": null}}, {"model": "portal.localidad", "pk": 18, "fields": {"nombre": "Roldán", "codigo_postal": null}}, {"model": "portal.localidad", "pk": 19, "fields": {"nombre": "Funes", "codigo_postal": null}}, {"model": "portal.localidad", "pk": 20, "fields": {"nombre": "Pujato", "codigo_postal": null}}, {"model": "portal.localidad", "pk": 21, "fields": {"nombre": "Zavalla", "codigo_postal": null}}, {"model": "portal.localidad", "pk": 22, "fields": {"nombre": "Pérez", "codigo_postal": null}}, {"model": "portal.localidad", "pk": 23, "fields": {"nombre": "Otro", "codigo_postal": null}}, {"model": "portal.vecino", "pk": 1, "fields": {"user": 1, "dni": "admin", "telefono": null, "calle": null, "altura": null, "localidad": null}}, {"model": "portal.vecino", "pk": 2, "fields": {"user": 10, "dni": "31861718", "telefono": null, "calle": "Casado 2549", "altura": null, "localidad": 1}}, {"model": "portal.vecino", "pk": 3, "fields": {"user": 11, "dni": "46295065", "telefono": null, "calle": "Zeballos", "altura": "2000", "localidad": 1}}, {"model": "portal.vecino", "pk": 4, "fields": {"user": 12, "dni": "26912826", "telefono": null, "calle": "Hipolito yrigoyen", "altura": "3154", "localidad": 1}}, {"model": "portal.vecino", "pk": 5, "fields": {"user": 13, "dni": "28153104", "telefono": null, "calle": "1 de Mayo", "altura": "1334", "localidad": 1}}, {"model": "portal.vecino", "pk": 6, "fields": {"user": 18, "dni": "17099465", "telefono": null, "calle": "H. Yrigoyen", "altura": "2115", "localidad": 1}}, {"model": "portal.vecino", "pk": 7, "fields": {"user": 19, "dni": "41924563", "telefono": null, "calle": "casilda", "altura": "1234", "localidad": 1}}, {"model": "portal.vecino", "pk": 8, "fields": {"user": 22, "dni": "16815536", "telefono": null, "calle": "Casado", "altura": "2090", "localidad": 1}}, {"model": "portal.vecino", "pk": 9, "fields": {"user": 25, "dni": "99999999", "telefono": null, "calle": "Calle", "altura": "1234", "localidad": 1}}, {"model": "portal.notificacion", "pk": 1, "fields": {"vecino": 2, "titulo": "Nueva Feria: Caracol", "mensaje": "Se ha programado una nueva feria para el día 2026-03-26 en Plaza. ¡Inscribite ahora!", "link": "/ferias/mis-ferias/", "fecha": "2026-03-25T11:29:06.985Z", "leida": true}}, {"model": "multas.persona", "pk": 1, "fields": {"dni": "31861718", "nombre": "Marcos", "apellido": "Zanini", "fecha_nacimiento": "1985-10-25", "localidad": 1, "calle": "Casado", "numero": "2549", "codigo_postal": "2170", "telefono": "", "correo": ""}}, {"model": "multas.vehiculo", "pk": 1, "fields": {"patente": "HSC693", "marca": "Volkswagen", "modelo": "Gol Trend", "color": "Gris", "tipo_vehiculo": "Sedan 4 ptas", "categoria": "", "anio_fabricacion": 2008, "titular": 1}}, {"model": "multas.inspector", "pk": 1, "fields": {"nombre": "Tiago", "apellido": "Bernardi", "departamento": "Tránsito", "cargo": "Inspector"}}, {"model": "multas.motivo", "pk": 6, "fields": {"tipo_acta": "VEHICULO", "descripcion": "Falta de licencia de conducir"}}, {"model": "multas.motivo", "pk": 7, "fields": {"tipo_acta": "VEHICULO", "descripcion": "Circular con chapas patentes adulteradas"}}, {"model": "multas.motivo", "pk": 8, "fields": {"tipo_acta": "VEHICULO", "descripcion": "Circular con escape prohibido/ruido"}}, {"model": "multas.motivo", "pk": 9, "fields": {"tipo_acta": "VEHICULO", "descripcion": "Circular sin luces reglamentarias"}}, {"model": "multas.motivo", "pk": 10, "fields": {"tipo_acta": "VEHICULO", "descripcion": "Circular sin casco conductor/acompañante"}}, {"model": "multas.motivo", "pk": 11, "fields": {"tipo_acta": "VEHICULO", "descripcion": "Circular con transporte en zona prohibida (Ord. 2847/17)"}}, {"model": "multas.motivo", "pk": 12, "fields": {"tipo_acta": "VEHICULO", "descripcion": "Por exceso de pasajeros"}}, {"model": "multas.motivo", "pk": 13, "fields": {"tipo_acta": "VEHICULO", "descripcion": "Por circular sobre veredas"}}, {"model": "multas.motivo", "pk": 23, "fields": {"tipo_acta": "VEHICULO", "descripcion": "No exhibir seguro obligatorio (Ord. 1231/05)"}}, {"model": "multas.motivo", "pk": 24, "fields": {"tipo_acta": "VEHICULO", "descripcion": "Licencia de conducir adulterada"}}, {"model": "multas.motivo", "pk": 25, "fields": {"tipo_acta": "VEHICULO", "descripcion": "Licencia de conducir vencida"}}, {"model": "multas.motivo", "pk": 26, "fields": {"tipo_acta": "VEHICULO", "descripcion": "No exhibir documentación del vehículo"}}, {"model": "multas.motivo", "pk": 27, "fields": {"tipo_acta": "VEHICULO", "descripcion": "Circular sin chapas patentes"}}, {"model": "multas.motivo", "pk": 28, "fields": {"tipo_acta": "VEHICULO", "descripcion": "Circular sin dispositivos de seguridad"}}, {"model": "multas.motivo", "pk": 29, "fields": {"tipo_acta": "VEHICULO", "descripcion": "Circular mas de dos personas en moto"}}, {"model": "multas.motivo", "pk": 30, "fields": {"tipo_acta": "VEHICULO", "descripcion": "Circular en contramano/girar"}}, {"model": "multas.motivo", "pk": 31, "fields": {"tipo_acta": "VEHICULO", "descripcion": "Por girar en U o no respetar rotondas"}}, {"model": "multas.motivo", "pk": 32, "fields": {"tipo_acta": "VEHICULO", "descripcion": "Por girar a la izquiera"}}, {"model": "multas.motivo", "pk": 33, "fields": {"tipo_acta": "VEHICULO", "descripcion": "Por desobediencia"}}, {"model": "multas.motivo", "pk": 34, "fields": {"tipo_acta": "VEHICULO", "descripcion": "Uso de celular mientras conduce"}}, {"model": "multas.motivo", "pk": 35, "fields": {"tipo_acta": "VEHICULO", "descripcion": "Conducir con imprudencia"}}, {"model": "multas.motivo", "pk": 36, "fields": {"tipo_acta": "VEHICULO", "descripcion": "Estacionar en ochava, F/amarilla, E/señales"}}, {"model": "multas.motivo", "pk": 37, "fields": {"tipo_acta": "VEHICULO", "descripcion": "Estacionar en paradas de moto o transporte escolar"}}, {"model": "multas.motivo", "pk": 38, "fields": {"tipo_acta": "VEHICULO", "descripcion": "Estacionar a la izquierda o en doble fila"}}, {"model": "multas.motivo", "pk": 39, "fields": {"tipo_acta": "VEHICULO", "descripcion": "Estacionamiento en rampas (Ord. 380)"}}, {"model": "multas.motivo", "pk": 40, "fields": {"tipo_acta": "INMUEBLE", "descripcion": "Tierra"}}, {"model": "multas.motivo", "pk": 41, "fields": {"tipo_acta": "VEHICULO", "descripcion": "Por efectuar picadas"}}, {"model": "multas.motivo", "pk": 42, "fields": {"tipo_acta": "VEHICULO", "descripcion": "Por retroceso indebido"}}, {"model": "multas.motivo", "pk": 43, "fields": {"tipo_acta": "VEHICULO", "descripcion": "Conducir en estado inhabilitado"}}, {"model": "multas.motivo", "pk": 44, "fields": {"tipo_acta": "VEHICULO", "descripcion": "Conducir en estado de ebriedad (Ord. 2082/12)"}}, {"model": "multas.motivo", "pk": 45, "fields": {"tipo_acta": "VEHICULO", "descripcion": "Conducción de menor (Ord. 380 - inc.b.)"}}, {"model": "multas.motivo", "pk": 46, "fields": {"tipo_acta": "VEHICULO", "descripcion": "Cruzar semáforo en rojo"}}, {"model": "multas.motivo", "pk": 47, "fields": {"tipo_acta": "VEHICULO", "descripcion": "Reparar vehículos en calle/vereda"}}, {"model": "multas.motivo", "pk": 48, "fields": {"tipo_acta": "VEHICULO", "descripcion": "Estacionar frente a un garage"}}, {"model": "multas.motivo", "pk": 49, "fields": {"tipo_acta": "VEHICULO", "descripcion": "Estacionamiento sistemático"}}, {"model": "multas.motivo", "pk": 50, "fields": {"tipo_acta": "VEHICULO", "descripcion": "Estacionamiento sobre vereda"}}, {"model": "multas.motivo", "pk": 51, "fields": {"tipo_acta": "VEHICULO", "descripcion": "Estacionamiento en zona prohibida (Ord. 2847/17)"}}, {"model": "multas.motivo", "pk": 52, "fields": {"tipo_acta": "VEHICULO", "descripcion": "Estacionamiento en parada de taxis/remises"}}, {"model": "multas.motivo", "pk": 53, "fields": {"tipo_acta": "VEHICULO", "descripcion": "Moto estacionada en lugar indebido"}}, {"model": "multas.motivo", "pk": 54, "fields": {"tipo_acta": "INMUEBLE", "descripcion": "Escombros"}}, {"model": "multas.motivo", "pk": 55, "fields": {"tipo_acta": "INMUEBLE", "descripcion": "Demalezamiento"}}, {"model": "multas.motivo", "pk": 56, "fields": {"tipo_acta": "INMUEBLE", "descripcion": "Arena"}}, {"model": "multas.motivo", "pk": 57, "fields": {"tipo_acta": "INMUEBLE", "descripcion": "Ramas"}}, {"model": "multas.motivo", "pk": 58, "fields": {"tipo_acta": "INMUEBLE", "descripcion": "Aguas servidas"}}, {"model": "multas.motivo", "pk": 59, "fields": {"tipo_acta": "INMUEBLE", "descripcion": "Cerramiento obras"}}, {"model": "multas.motivo", "pk": 60, "fields": {"tipo_acta": "INMUEBLE", "descripcion": "Otros"}}, {"model": "multas.motivo", "pk": 61, "fields": {"tipo_acta": "INMUEBLE", "descripcion": "Basura"}}, {"model": "multas.motivo", "pk": 62, "fields": {"tipo_acta": "INMUEBLE", "descripcion": "Poda de arbol"}}, {"model": "multas.motivo", "pk": 63, "fields": {"tipo_acta": "INMUEBLE", "descripcion": "Volquete"}}, {"model": "multas.acta", "pk": 1, "fields": {"persona": 1, "vehiculo": 1, "inmueble": null, "animal": null, "tipo_acta": "VEHICULO", "motivo": 7, "inspector": null, "fecha_infraccion": "2026-03-25", "lugar_infraccion": null, "descripcion": "", "uf": "150", "foto_infraccion": "", "importe": "15000.00", "estado": "PENDIENTE", "numero_acta": 1}}, {"model": "multas.documentacion", "pk": 1, "fields": {"tipo_doc": null, "acta": 1, "fecha_generacion": "2026-03-25", "usuario_genera": null}}, {"model": "organigrama.area", "pk": 1, "fields": {"nombre": "Área Legal y Técnica"}}, {"model": "organigrama.area", "pk": 2, "fields": {"nombre": "Área de Control y Seguridad"}}, {"model": "organigrama.area", "pk": 3, "fields": {"nombre": "Área de Planificación Territorial"}}, {"model": "organigrama.area", "pk": 21, "fields": {"nombre": "Área de Desarrollo y Bienestar"}}, {"model": "organigrama.area", "pk": 22, "fields": {"nombre": "Área de Economía y Finanzas"}}, {"model": "organigrama.area", "pk": 23, "fields": {"nombre": "Área de Gobierno y Gestión"}}, {"model": "organigrama.area", "pk": 24, "fields": {"nombre": "Área de Producción, Ciencia y Tecnología"}}, {"model": "organigrama.direccion", "pk": 1, "fields": {"area": 23, "nombre": "Community Manager"}}, {"model": "organigrama.direccion", "pk": 2, "fields": {"area": 23, "nombre": "Coordinador Área de Gobierno y Gestión"}}, {"model": "organigrama.direccion", "pk": 3, "fields": {"area": 1, "nombre": "Dirección de Asuntos Jurídicos"}}, {"model": "organigrama.direccion", "pk": 4, "fields": {"area": 21, "nombre": "Dirección de Desarrollo Social"}}, {"model": "organigrama.direccion", "pk": 22, "fields": {"area": 3, "nombre": "Dirección General y Planificación Urbana"}}, {"model": "organigrama.direccion", "pk": 23, "fields": {"area": 1, "nombre": "Dirección de Administración de Gobierno"}}, {"model": "organigrama.direccion", "pk": 24, "fields": {"area": 21, "nombre": "Dirección de Cultura"}}, {"model": "organigrama.direccion", "pk": 25, "fields": {"area": 21, "nombre": "Dirección de Deporte"}}, {"model": "organigrama.direccion", "pk": 26, "fields": {"area": 24, "nombre": "Dirección de Innovación y Tecnología"}}, {"model": "organigrama.direccion", "pk": 27, "fields": {"area": 24, "nombre": "Dirección de Planificación Estratégica"}}, {"model": "organigrama.direccion", "pk": 29, "fields": {"area": 24, "nombre": "Coordinadora Operativa"}}, {"model": "organigrama.direccion", "pk": 30, "fields": {"area": 21, "nombre": "Dirección de Salud Pública Municipal"}}, {"model": "organigrama.departamento", "pk": 1, "fields": {"area": 21, "direccion": 4, "nombre": "CAF - Centro de Atención a Familias"}}, {"model": "organigrama.departamento", "pk": 2, "fields": {"area": 22, "direccion": null, "nombre": "Contador General"}}, {"model": "organigrama.departamento", "pk": 3, "fields": {"area": 23, "direccion": null, "nombre": "Departamento Mesa de Entradas Archivo y Censo"}}, {"model": "organigrama.departamento", "pk": 4, "fields": {"area": 23, "direccion": null, "nombre": "Departamento Personal"}}, {"model": "organigrama.departamento", "pk": 5, "fields": {"area": 23, "direccion": null, "nombre": "Departamento Tribunal de Faltas"}}, {"model": "organigrama.departamento", "pk": 6, "fields": {"area": 23, "direccion": null, "nombre": "Departamento Tránsito"}}, {"model": "organigrama.departamento", "pk": 7, "fields": {"area": 21, "direccion": 24, "nombre": "Departamento de Administración y Gestion de Cultura y Educación"}}, {"model": "organigrama.departamento", "pk": 8, "fields": {"area": 21, "direccion": 25, "nombre": "Departamento de Deportes"}}, {"model": "organigrama.departamento", "pk": 9, "fields": {"area": 3, "direccion": null, "nombre": "Departamento de Ejecución de Obras por Administración"}}, {"model": "organigrama.departamento", "pk": 10, "fields": {"area": 22, "direccion": null, "nombre": "Departamento de Ingresos Públicos"}}, {"model": "organigrama.departamento", "pk": 11, "fields": {"area": 2, "direccion": null, "nombre": "Departamento de Inspección General"}}, {"model": "organigrama.departamento", "pk": 12, "fields": {"area": 2, "direccion": null, "nombre": "Departamento de Seguridad Vial"}}, {"model": "organigrama.departamento", "pk": 13, "fields": {"area": 22, "direccion": null, "nombre": "Departamento de Tesorería"}}, {"model": "organigrama.departamento", "pk": 21, "fields": {"area": 23, "direccion": null, "nombre": "Departamento Habilitaciones"}}, {"model": "organigrama.departamento", "pk": 22, "fields": {"area": 23, "direccion": null, "nombre": "Departamento Obras por Administración Cementerio"}}, {"model": "organigrama.departamento", "pk": 23, "fields": {"area": 23, "direccion": null, "nombre": "Departamento Secretaría"}}, {"model": "organigrama.departamento", "pk": 24, "fields": {"area": 23, "direccion": null, "nombre": "Departamento Sistema de Computación de Datos"}}, {"model": "organigrama.departamento", "pk": 25, "fields": {"area": 21, "direccion": 4, "nombre": "Departamento de Acción Social"}}, {"model": "organigrama.departamento", "pk": 26, "fields": {"area": 21, "direccion": 24, "nombre": "Departamento de Administración y Planificación de la Cultura y las Artes del Teatro Dante"}}, {"model": "organigrama.departamento", "pk": 27, "fields": {"area": 22, "direccion": null, "nombre": "Departamento de Compras y Suministros"}}, {"model": "organigrama.departamento", "pk": 28, "fields": {"area": 22, "direccion": null, "nombre": "Departamento de Contaduría"}}, {"model": "organigrama.departamento", "pk": 29, "fields": {"area": 3, "direccion": null, "nombre": "Departamento de Mantenimiento y Producción"}}, {"model": "organigrama.departamento", "pk": 30, "fields": {"area": 3, "direccion": null, "nombre": "Departamento de Obras Privadas y Catastro"}}, {"model": "organigrama.departamento", "pk": 31, "fields": {"area": 21, "direccion": 4, "nombre": "Hogar Taller y Granja Protegido Municipal"}}, {"model": "organigrama.departamento", "pk": 32, "fields": {"area": 23, "direccion": null, "nombre": "Seguridad Alimentaria"}}, {"model": "organigrama.departamento", "pk": 33, "fields": {"area": 24, "direccion": 27, "nombre": "Departamento de Desarrollo Local, Turismo y Empleo"}}, {"model": "organigrama.division", "pk": 1, "fields": {"departamento": 29, "nombre": "Alumbrado"}}, {"model": "organigrama.division", "pk": 2, "fields": {"departamento": 30, "nombre": "División Catastro"}}, {"model": "organigrama.division", "pk": 3, "fields": {"departamento": 27, "nombre": "División Compras y Suministros"}}, {"model": "organigrama.division", "pk": 21, "fields": {"departamento": 25, "nombre": "División de Servicio Social"}}, {"model": "organigrama.division", "pk": 22, "fields": {"departamento": 29, "nombre": "Parque Automotor"}}, {"model": "organigrama.subdivision", "pk": 1, "fields": {"division": null, "departamento": 29, "area": 3, "nombre": "Subdivisión Albañilería"}}, {"model": "organigrama.subdivision", "pk": 2, "fields": {"division": null, "departamento": 29, "area": 3, "nombre": "Subdivisión Herrería y Carpintería"}}, {"model": "organigrama.subdivision", "pk": 3, "fields": {"division": null, "departamento": 29, "area": 3, "nombre": "Subdivisión Mecánica"}}, {"model": "organigrama.subdivision", "pk": 4, "fields": {"division": null, "departamento": 9, "area": 3, "nombre": "Subdivisión Obras"}}, {"model": "organigrama.subdivision", "pk": 5, "fields": {"division": null, "departamento": null, "area": 23, "nombre": "Taxis y Remises"}}, {"model": "organigrama.subdivision", "pk": 21, "fields": {"division": null, "departamento": 29, "area": 3, "nombre": "Subdivisión Parques y Paseos"}}, {"model": "organigrama.subdivision", "pk": 22, "fields": {"division": null, "departamento": null, "area": null, "nombre": "Taxis y Remises"}}, {"model": "organigrama.seccion", "pk": 1, "fields": {"division": null, "subdivision": 4, "departamento": null, "area": null, "nombre": "Sección Acopio de Materiales"}}, {"model": "organigrama.seccion", "pk": 2, "fields": {"division": null, "subdivision": 4, "departamento": null, "area": null, "nombre": "Sección Aguas Corrientes"}}, {"model": "organigrama.seccion", "pk": 3, "fields": {"division": null, "subdivision": null, "departamento": 29, "area": null, "nombre": "Sección Barrido"}}, {"model": "organigrama.seccion", "pk": 4, "fields": {"division": null, "subdivision": 4, "departamento": null, "area": null, "nombre": "Sección Cloacas"}}, {"model": "organigrama.seccion", "pk": 5, "fields": {"division": null, "subdivision": null, "departamento": 29, "area": null, "nombre": "Sección Terminal de Ómnibus"}}, {"model": "organigrama.seccion", "pk": 21, "fields": {"division": null, "subdivision": 4, "departamento": null, "area": null, "nombre": "Sección Albañilería"}}, {"model": "organigrama.seccion", "pk": 22, "fields": {"division": null, "subdivision": null, "departamento": 29, "area": null, "nombre": "Sección Cementerio"}}, {"model": "organigrama.seccion", "pk": 23, "fields": {"division": null, "subdivision": null, "departamento": null, "area": 23, "nombre": "Mayordomía"}}, {"model": "organigrama.oficina", "pk": 1, "fields": {"area": 21, "direccion": 4, "departamento": null, "division": 21, "subdivision": null, "seccion": null, "nombre": "APRECOD"}}, {"model": "organigrama.oficina", "pk": 2, "fields": {"area": 21, "direccion": 24, "departamento": null, "division": null, "subdivision": null, "seccion": null, "nombre": "Centro Educativo y Cultural Eduardo Bracaccini"}}, {"model": "organigrama.oficina", "pk": 3, "fields": {"area": 21, "direccion": 4, "departamento": null, "division": 21, "subdivision": null, "seccion": null, "nombre": "Centro de Día Horizonte"}}, {"model": "organigrama.oficina", "pk": 4, "fields": {"area": 21, "direccion": 24, "departamento": null, "division": null, "subdivision": null, "seccion": null, "nombre": "Complejo Cultural y Educativo Benito Quinquela Martín"}}, {"model": "organigrama.oficina", "pk": 5, "fields": {"area": 21, "direccion": 4, "departamento": null, "division": 21, "subdivision": null, "seccion": null, "nombre": "Complejo Vivienda Tercera Edad"}}, {"model": "organigrama.oficina", "pk": 6, "fields": {"area": 21, "direccion": 24, "departamento": null, "division": null, "subdivision": null, "seccion": null, "nombre": "Coro Municipal Voces Argentinas"}}, {"model": "organigrama.oficina", "pk": 7, "fields": {"area": 21, "direccion": 24, "departamento": null, "division": null, "subdivision": null, "seccion": null, "nombre": "Equipo Municipal Interdisciplinario de Secundario"}}, {"model": "organigrama.oficina", "pk": 8, "fields": {"area": 3, "direccion": null, "departamento": null, "division": null, "subdivision": null, "seccion": null, "nombre": "Oficina de Administración de Maestranza y Reclamos"}}, {"model": "organigrama.oficina", "pk": 9, "fields": {"area": 3, "direccion": null, "departamento": null, "division": null, "subdivision": null, "seccion": null, "nombre": "Parques y Paseos"}}, {"model": "organigrama.oficina", "pk": 10, "fields": {"area": 21, "direccion": 24, "departamento": null, "division": null, "subdivision": null, "seccion": null, "nombre": "Servicio de Orientación Vocacional"}}, {"model": "organigrama.oficina", "pk": 11, "fields": {"area": 2, "direccion": null, "departamento": null, "division": null, "subdivision": null, "seccion": null, "nombre": "Sistema de Cámaras"}}, {"model": "organigrama.oficina", "pk": 12, "fields": {"area": 21, "direccion": 4, "departamento": null, "division": 21, "subdivision": null, "seccion": null, "nombre": "Área de la Mujer"}}, {"model": "organigrama.oficina", "pk": 21, "fields": {"area": 21, "direccion": 24, "departamento": null, "division": null, "subdivision": null, "seccion": null, "nombre": "Biblioteca Pública Municipal"}}, {"model": "organigrama.oficina", "pk": 22, "fields": {"area": 21, "direccion": 24, "departamento": null, "division": null, "subdivision": null, "seccion": null, "nombre": "Coro Infantil"}}, {"model": "organigrama.oficina", "pk": 23, "fields": {"area": 21, "direccion": 24, "departamento": null, "division": null, "subdivision": null, "seccion": null, "nombre": "EMAP"}}, {"model": "organigrama.oficina", "pk": 24, "fields": {"area": 21, "direccion": 4, "departamento": null, "division": 21, "subdivision": null, "seccion": null, "nombre": "Equipo Local de Niñez"}}, {"model": "organigrama.oficina", "pk": 25, "fields": {"area": 21, "direccion": 24, "departamento": null, "division": null, "subdivision": null, "seccion": null, "nombre": "Museo Archivo Histórico Municipal Don Santos Tosticarelli"}}, {"model": "organigrama.oficina", "pk": 26, "fields": {"area": 23, "direccion": null, "departamento": null, "division": null, "subdivision": null, "seccion": null, "nombre": "Notificaciones"}}, {"model": "organigrama.oficina", "pk": 27, "fields": {"area": 23, "direccion": null, "departamento": null, "division": null, "subdivision": null, "seccion": null, "nombre": "OMIC"}}, {"model": "organigrama.oficina", "pk": 28, "fields": {"area": 21, "direccion": 24, "departamento": null, "division": null, "subdivision": null, "seccion": null, "nombre": "Profesores Banda Cesar Mastroiacovo"}}, {"model": "organigrama.oficina", "pk": 29, "fields": {"area": 23, "direccion": null, "departamento": null, "division": null, "subdivision": null, "seccion": null, "nombre": "Protección y Sanidad Animal"}}, {"model": "organigrama.oficina", "pk": 30, "fields": {"area": 21, "direccion": 4, "departamento": null, "division": 21, "subdivision": null, "seccion": null, "nombre": "Punto Violeta"}}, {"model": "organigrama.oficina", "pk": 31, "fields": {"area": 21, "direccion": 24, "departamento": null, "division": null, "subdivision": null, "seccion": null, "nombre": "Taller Municipal de Teatro para las Infancias y Jóvenes"}}, {"model": "organigrama.oficina", "pk": 32, "fields": {"area": 21, "direccion": 4, "departamento": null, "division": 21, "subdivision": null, "seccion": null, "nombre": "Área de Igualdad Género y Diversidad"}}, {"model": "organigrama.oficina", "pk": 33, "fields": {"area": 24, "direccion": 27, "departamento": 33, "division": null, "subdivision": null, "seccion": null, "nombre": "Oficina de Información Turística"}}, {"model": "organigrama.oficina", "pk": 34, "fields": {"area": 24, "direccion": 27, "departamento": 33, "division": null, "subdivision": null, "seccion": null, "nombre": "Oficina de Empleo"}}, {"model": "organigrama.oficina", "pk": 35, "fields": {"area": 21, "direccion": 30, "departamento": null, "division": null, "subdivision": null, "seccion": null, "nombre": "Dispensario Barracas / Yapeyú"}}, {"model": "organigrama.oficina", "pk": 36, "fields": {"area": 21, "direccion": 30, "departamento": null, "division": null, "subdivision": null, "seccion": null, "nombre": "Dispensario Granaderos a Caballos"}}, {"model": "organigrama.oficina", "pk": 37, "fields": {"area": 21, "direccion": 30, "departamento": null, "division": null, "subdivision": null, "seccion": null, "nombre": "Centro de Exámenes Psicofísicos"}}, {"model": "organigrama.oficina", "pk": 38, "fields": {"area": 23, "direccion": null, "departamento": 5, "division": null, "subdivision": null, "seccion": null, "nombre": "Secretaría de Faltas de Tránsito"}}, {"model": "organigrama.oficina", "pk": 39, "fields": {"area": 23, "direccion": null, "departamento": 5, "division": null, "subdivision": null, "seccion": null, "nombre": "Secretaría de Faltas de Inspección General"}}, {"model": "organigrama.funcionario", "pk": 2, "fields": {"nro_legajo": null, "id_empleado_externo": null, "usuario_login": "mariana.martinez", "pass_salt": null, "pass_hash": "8d969eef6ecad3c29a3a629280e686cf0c3f5d5a86aff3ca12020c923adc6c92", "activo": "S", "fecha_alta": "2026-03-25T10:43:38.664Z", "nombre": "Mariana", "apellido": "Martinez", "email": null, "user": 3, "segundo_nombre": null, "dni": null, "cuil": null, "fecha_nacimiento": null, "genero": null, "estado_civil": "SOLTERO", "calle": null, "altura": null, "telefono": null, "celular": null, "rango": "JEFE", "area": 23, "direccion": null, "departamento": 3, "division": null, "subdivision": null, "seccion": null, "oficina": null}}, {"model": "organigrama.funcionario", "pk": 3, "fields": {"nro_legajo": null, "id_empleado_externo": null, "usuario_login": "alicia.ordasso", "pass_salt": null, "pass_hash": "8d969eef6ecad3c29a3a629280e686cf0c3f5d5a86aff3ca12020c923adc6c92", "activo": "S", "fecha_alta": "2026-03-25T10:44:02.975Z", "nombre": "Alicia", "apellido": "Ordasso", "email": null, "user": 4, "segundo_nombre": null, "dni": null, "cuil": null, "fecha_nacimiento": null, "genero": null, "estado_civil": "SOLTERO", "calle": null, "altura": null, "telefono": null, "celular": null, "rango": "JEFE", "area": 24, "direccion": null, "departamento": null, "division": null, "subdivision": null, "seccion": null, "oficina": null}}, {"model": "organigrama.funcionario", "pk": 4, "fields": {"nro_legajo": null, "id_empleado_externo": null, "usuario_login": "paola.bonavera", "pass_salt": null, "pass_hash": "8d969eef6ecad3c29a3a629280e686cf0c3f5d5a86aff3ca12020c923adc6c92", "activo": "S", "fecha_alta": "2026-03-25T10:44:39.194Z", "nombre": "Paola", "apellido": "Bonavera", "email": null, "user": 5, "segundo_nombre": null, "dni": null, "cuil": null, "fecha_nacimiento": null, "genero": null, "estado_civil": "SOLTERO", "calle": null, "altura": null, "telefono": null, "celular": null, "rango": "SECRETARIO", "area": 24, "direccion": null, "departamento": null, "division": null, "subdivision": null, "seccion": null, "oficina": null}}, {"model": "organigrama.funcionario", "pk": 5, "fields": {"nro_legajo": null, "id_empleado_externo": null, "usuario_login": "eugenia.nin", "pass_salt": null, "pass_hash": "8d969eef6ecad3c29a3a629280e686cf0c3f5d5a86aff3ca12020c923adc6c92", "activo": "S", "fecha_alta": "2026-03-25T10:45:28.654Z", "nombre": "Eugenia", "apellido": "Nin", "email": null, "user": 6, "segundo_nombre": null, "dni": null, "cuil": null, "fecha_nacimiento": null, "genero": null, "estado_civil": "SOLTERO", "calle": null, "altura": null, "telefono": null, "celular": null, "rango": "JEFE", "area": 23, "direccion": null, "departamento": 6, "division": null, "subdivision": null, "seccion": null, "oficina": null}}, {"model": "organigrama.funcionario", "pk": 6, "fields": {"nro_legajo": null, "id_empleado_externo": null, "usuario_login": "damian.bonavera", "pass_salt": null, "pass_hash": "8d969eef6ecad3c29a3a629280e686cf0c3f5d5a86aff3ca12020c923adc6c92", "activo": "S", "fecha_alta": "2026-03-25T10:45:59.763Z", "nombre": "Damian", "apellido": "Bonavera", "email": null, "user": 7, "segundo_nombre": null, "dni": null, "cuil": null, "fecha_nacimiento": null, "genero": null, "estado_civil": "SOLTERO", "calle": null, "altura": null, "telefono": null, "celular": null, "rango": "JEFE", "area": 22, "direccion": null, "departamento": 10, "division": null, "subdivision": null, "seccion": null, "oficina": null}}, {"model": "organigrama.funcionario", "pk": 7, "fields": {"nro_legajo": null, "id_empleado_externo": null, "usuario_login": "emilia.ardiani", "pass_salt": null, "pass_hash": "8d969eef6ecad3c29a3a629280e686cf0c3f5d5a86aff3ca12020c923adc6c92", "activo": "S", "fecha_alta": "2026-03-25T10:46:28.073Z", "nombre": "Emilia", "apellido": "Ardiani", "email": null, "user": 8, "segundo_nombre": null, "dni": null, "cuil": null, "fecha_nacimiento": null, "genero": null, "estado_civil": "SOLTERO", "calle": null, "altura": null, "telefono": null, "celular": null, "rango": "JEFE", "area": 23, "direccion": null, "departamento": 5, "division": null, "subdivision": null, "seccion": null, "oficina": null}}, {"model": "organigrama.funcionario", "pk": 8, "fields": {"nro_legajo": null, "id_empleado_externo": null, "usuario_login": "fernanda.olmedo", "pass_salt": null, "pass_hash": "8d969eef6ecad3c29a3a629280e686cf0c3f5d5a86aff3ca12020c923adc6c92", "activo": "S", "fecha_alta": "2026-03-25T10:47:26.335Z", "nombre": "Fernanda", "apellido": "Olmedo", "email": null, "user": 9, "segundo_nombre": null, "dni": null, "cuil": null, "fecha_nacimiento": null, "genero": null, "estado_civil": "SOLTERO", "calle": null, "altura": null, "telefono": null, "celular": null, "rango": "SECRETARIO", "area": 21, "direccion": null, "departamento": null, "division": null, "subdivision": null, "seccion": null, "oficina": null}}, {"model": "organigrama.funcionario", "pk": 9, "fields": {"nro_legajo": null, "id_empleado_externo": null, "usuario_login": "admin", "pass_salt": null, "pass_hash": null, "activo": "S", "fecha_alta": "2026-03-25T15:22:50.186Z", "nombre": "Administrador", "apellido": "Sistema", "email": null, "user": 1, "segundo_nombre": null, "dni": null, "cuil": null, "fecha_nacimiento": null, "genero": null, "estado_civil": "SOLTERO", "calle": null, "altura": null, "telefono": null, "celular": null, "rango": "ADMINISTRATIVO", "area": null, "direccion": null, "departamento": null, "division": null, "subdivision": null, "seccion": null, "oficina": null}}, {"model": "organigrama.funcionario", "pk": 10, "fields": {"nro_legajo": "600", "id_empleado_externo": null, "usuario_login": "emilse.tasselli", "pass_salt": null, "pass_hash": "8d969eef6ecad3c29a3a629280e686cf0c3f5d5a86aff3ca12020c923adc6c92", "activo": "S", "fecha_alta": "2026-03-26T14:18:38.832Z", "nombre": "Emilse", "apellido": "Tasselli", "email": null, "user": 14, "segundo_nombre": null, "dni": null, "cuil": null, "fecha_nacimiento": null, "genero": null, "estado_civil": "SOLTERO", "calle": null, "altura": null, "telefono": null, "celular": null, "rango": "JEFE", "area": 22, "direccion": null, "departamento": 27, "division": 3, "subdivision": null, "seccion": null, "oficina": null}}, {"model": "organigrama.funcionario", "pk": 11, "fields": {"nro_legajo": "122", "id_empleado_externo": null, "usuario_login": "facundo.strano", "pass_salt": null, "pass_hash": "8d969eef6ecad3c29a3a629280e686cf0c3f5d5a86aff3ca12020c923adc6c92", "activo": "S", "fecha_alta": "2026-03-26T14:20:27.219Z", "nombre": "Facundo", "apellido": "Strano", "email": null, "user": 15, "segundo_nombre": null, "dni": null, "cuil": null, "fecha_nacimiento": null, "genero": null, "estado_civil": "SOLTERO", "calle": null, "altura": null, "telefono": null, "celular": null, "rango": "JEFE", "area": null, "direccion": null, "departamento": null, "division": null, "subdivision": null, "seccion": null, "oficina": null}}, {"model": "organigrama.funcionario", "pk": 12, "fields": {"nro_legajo": null, "id_empleado_externo": null, "usuario_login": "diego.garcia", "pass_salt": null, "pass_hash": null, "activo": "S", "fecha_alta": "2026-03-27T11:18:28.966Z", "nombre": "Diego", "apellido": "Garcia", "email": "diego@gmail.com", "user": 16, "segundo_nombre": "Damian", "dni": "12222555", "cuil": "20122225550", "fecha_nacimiento": "1960-11-25", "genero": "M", "estado_civil": "CASADO", "calle": null, "altura": null, "telefono": "3464258899", "celular": "3464998855", "rango": "ADMINISTRATIVO", "area": 24, "direccion": null, "departamento": null, "division": null, "subdivision": null, "seccion": null, "oficina": null}}, {"model": "organigrama.funcionario", "pk": 13, "fields": {"nro_legajo": "155", "id_empleado_externo": null, "usuario_login": "tiago.bernardis", "pass_salt": null, "pass_hash": "8d969eef6ecad3c29a3a629280e686cf0c3f5d5a86aff3ca12020c923adc6c92", "activo": "S", "fecha_alta": "2026-03-27T13:57:35.720Z", "nombre": "Tiago", "apellido": "Bernardis", "email": null, "user": 17, "segundo_nombre": "Agustin", "dni": "40123456", "cuil": "20401234569", "fecha_nacimiento": "2005-10-10", "genero": "M", "estado_civil": "SOLTERO", "calle": null, "altura": null, "telefono": null, "celular": null, "rango": "JEFE", "area": 23, "direccion": null, "departamento": 1, "division": null, "subdivision": null, "seccion": null, "oficina": null}}, {"model": "organigrama.funcionario", "pk": 14, "fields": {"nro_legajo": "5555", "id_empleado_externo": null, "usuario_login": "martin.nicolini", "pass_salt": null, "pass_hash": "8d969eef6ecad3c29a3a629280e686cf0c3f5d5a86aff3ca12020c923adc6c92", "activo": "S", "fecha_alta": "2026-03-30T12:06:27.890Z", "nombre": "Martin", "apellido": "Nicolini", "email": null, "user": 20, "segundo_nombre": null, "dni": "1234566", "cuil": null, "fecha_nacimiento": null, "genero": null, "estado_civil": "SOLTERO", "calle": null, "altura": null, "telefono": null, "celular": null, "rango": "SECRETARIO", "area": 24, "direccion": 26, "departamento": null, "division": null, "subdivision": null, "seccion": null, "oficina": null}}, {"model": "organigrama.funcionario", "pk": 15, "fields": {"nro_legajo": "659", "id_empleado_externo": null, "usuario_login": "misabel.acciarini", "pass_salt": null, "pass_hash": "8d969eef6ecad3c29a3a629280e686cf0c3f5d5a86aff3ca12020c923adc6c92", "activo": "S", "fecha_alta": "2026-03-30T14:30:23.790Z", "nombre": "Maria", "apellido": "Acciarini", "email": null, "user": 21, "segundo_nombre": "Isabel", "dni": null, "cuil": null, "fecha_nacimiento": null, "genero": null, "estado_civil": "SOLTERO", "calle": null, "altura": null, "telefono": null, "celular": null, "rango": "JEFE", "area": 23, "direccion": null, "departamento": null, "division": null, "subdivision": null, "seccion": null, "oficina": 27}}, {"model": "organigrama.funcionario", "pk": 16, "fields": {"nro_legajo": "534", "id_empleado_externo": null, "usuario_login": "marcos.zanini", "pass_salt": null, "pass_hash": "8d969eef6ecad3c29a3a629280e686cf0c3f5d5a86aff3ca12020c923adc6c92", "activo": "S", "fecha_alta": "2026-03-31T11:09:27.803Z", "nombre": "Marcos", "apellido": "Zanini", "email": "markoszanini@gmail.com", "user": 23, "segundo_nombre": "Miguel", "dni": "31861718", "cuil": "2031861718", "fecha_nacimiento": "1985-10-25", "genero": "M", "estado_civil": "SOLTERO", "calle": "Casado", "altura": "2549", "telefono": null, "celular": "3464552083", "rango": "JEFE", "area": 24, "direccion": 26, "departamento": null, "division": null, "subdivision": null, "seccion": null, "oficina": null}}, {"model": "organigrama.funcionario", "pk": 17, "fields": {"nro_legajo": "1000", "id_empleado_externo": null, "usuario_login": "horacio.distefano", "pass_salt": null, "pass_hash": "8d969eef6ecad3c29a3a629280e686cf0c3f5d5a86aff3ca12020c923adc6c92", "activo": "S", "fecha_alta": "2026-04-01T10:46:42.086Z", "nombre": "Horacio", "apellido": "Distefano", "email": null, "user": 24, "segundo_nombre": null, "dni": null, "cuil": null, "fecha_nacimiento": null, "genero": null, "estado_civil": "SOLTERO", "calle": null, "altura": null, "telefono": null, "celular": null, "rango": "SECRETARIO", "area": 1, "direccion": null, "departamento": null, "division": null, "subdivision": null, "seccion": null, "oficina": null}}, {"model": "reclamos.reclamo", "pk": 1, "fields": {"vecino": 2, "area": "Inspección", "tipo_reclamo": "Actividad comercial irregular", "calle": "Calle", "numero": "1212", "barrio": "Alberdi", "observacion": "Nada", "foto": "", "estado": "En Progreso", "fecha_creacion": "2026-03-25T11:30:36.012Z", "fecha_actualizacion": "2026-03-25T11:31:47.701Z"}}, {"model": "reclamos.reclamo", "pk": 2, "fields": {"vecino": 4, "area": "Salud", "tipo_reclamo": "Plagas y vectores en propiedad privada", "calle": "ayacucho", "numero": "2461", "barrio": "Nueva Roma", "observacion": "mkjhgdfss", "foto": "", "estado": "Pendiente", "fecha_creacion": "2026-03-26T13:11:06.829Z", "fecha_actualizacion": "2026-03-26T13:12:57.515Z"}}, {"model": "reclamos.reclamo", "pk": 3, "fields": {"vecino": 7, "area": "Inspección", "tipo_reclamo": "Irregularidades en obras", "calle": "casado", "numero": "2090", "barrio": "Barracas", "observacion": "mucho ruido", "foto": "reclamos_fotos/Tarjeta_Felices_fiestas_Campeón_Mundial_Elegante_Dorado_y_Celeste.png", "estado": "Pendiente", "fecha_creacion": "2026-03-30T11:44:33.783Z", "fecha_actualizacion": "2026-03-30T12:03:53.483Z"}}, {"model": "reclamos.pasereclamo", "pk": 1, "fields": {"reclamo": 1, "fecha_pase": "2026-03-25T11:31:09.513Z", "area_destino": 1, "oficina_destino": null, "observacion": "", "usuario_emisor": 1, "leido_por_vecino": true}}, {"model": "reclamos.pasereclamo", "pk": 2, "fields": {"reclamo": 2, "fecha_pase": "2026-03-26T13:12:57.516Z", "area_destino": 24, "oficina_destino": null, "observacion": "", "usuario_emisor": 1, "leido_por_vecino": true}}, {"model": "reclamos.pasereclamo", "pk": 3, "fields": {"reclamo": 3, "fecha_pase": "2026-03-30T12:03:53.484Z", "area_destino": 1, "oficina_destino": null, "observacion": "Pase para evaluación", "usuario_emisor": 1, "leido_por_vecino": true}}, {"model": "reclamos.mensajereclamo", "pk": 1, "fields": {"reclamo": 1, "fecha": "2026-03-25T11:31:47.683Z", "mensaje": "Hola", "es_empleado": true, "autor": 1, "leido": true}}, {"model": "reclamos.mensajereclamo", "pk": 2, "fields": {"reclamo": 1, "fecha": "2026-03-25T11:31:51.768Z", "mensaje": "Hola", "es_empleado": true, "autor": 1, "leido": true}}, {"model": "reclamos.mensajereclamo", "pk": 3, "fields": {"reclamo": 3, "fecha": "2026-03-30T12:03:19.480Z", "mensaje": "Como ves antes no te dejaba mandar mensajes y ahora si... lo configuré para que solo se inicie el chat cuando el empleado municipal lo vea necesario", "es_empleado": true, "autor": 1, "leido": true}}, {"model": "reclamos.mensajereclamo", "pk": 4, "fields": {"reclamo": 3, "fecha": "2026-03-30T12:22:15.309Z", "mensaje": "esto hay que patentarlo y venderle a otros pueblos. urgente. te vas para arriba maquitos", "es_empleado": false, "autor": 19, "leido": false}}, {"model": "impuestos.partidainmobiliaria", "pk": 1, "fields": {"nomenclatura": "555555", "direccion": "Casado 2099", "vecino": 7}}, {"model": "impuestos.impuesto", "pk": 1, "fields": {"tipo": "MUNICIPAL", "vecino": null, "partida": null}}, {"model": "impuestos.deuda", "pk": 1, "fields": {"impuesto": 1, "periodo": "Enero 2026", "monto_original": "1500.00", "fecha_vencimiento": "2026-01-12", "estado": "PENDIENTE", "fecha_pago": "2026-03-30T11:57:22Z"}}, {"model": "turnos.configuracionturno", "pk": 1, "fields": {"tipo_turno": "LICENCIA", "hora_inicio": "07:00:00", "hora_fin": "13:00:00", "turnos_por_hora": 4, "dias_habiles": "0,1,2,3,4"}}, {"model": "turnos.configuracionturno", "pk": 2, "fields": {"tipo_turno": "PSICOFISICO", "hora_inicio": "07:00:00", "hora_fin": "13:00:00", "turnos_por_hora": 6, "dias_habiles": "0,1,2,3,4"}}, {"model": "turnos.turno", "pk": 1, "fields": {"vecino": 2, "tipo_turno": "LICENCIA", "estado": "PENDIENTE", "fecha": "2026-04-10", "hora": "08:15:00", "fecha_solicitud": "2026-03-25T14:31:53.891Z", "tipo_licencia": "B1", "vencimiento_licencia": "2026-03-25", "observaciones": null}}, {"model": "turnos.turno", "pk": 2, "fields": {"vecino": 2, "tipo_turno": "PSICOFISICO", "estado": "APROBADO", "fecha": "2026-05-01", "hora": "08:20:00", "fecha_solicitud": "2026-03-25T14:41:42.152Z", "tipo_licencia": null, "vencimiento_licencia": null, "observaciones": null}}, {"model": "turnos.turno", "pk": 3, "fields": {"vecino": 7, "tipo_turno": "LICENCIA", "estado": "PENDIENTE", "fecha": "2026-05-04", "hora": "09:00:00", "fecha_solicitud": "2026-03-30T11:45:42.249Z", "tipo_licencia": "A", "vencimiento_licencia": "2026-03-21", "observaciones": null}}, {"model": "turnos.turno", "pk": 4, "fields": {"vecino": 7, "tipo_turno": "PSICOFISICO", "estado": "PENDIENTE", "fecha": "2026-04-07", "hora": "09:30:00", "fecha_solicitud": "2026-03-30T11:50:03.537Z", "tipo_licencia": null, "vencimiento_licencia": null, "observaciones": null}}, {"model": "capacitaciones.capacitacion", "pk": 1, "fields": {"nombre": "Soldador", "descripcion": "Básico", "area_responsable": "PRODUCCION", "fecha_inicio": "2026-04-09", "dias_dictado": "Lunes", "horarios": "18:00", "lugar": "Quinquela", "cupo_maximo": 30, "estado_inscripcion": "ABIERTA"}}, {"model": "capacitaciones.capacitacion", "pk": 2, "fields": {"nombre": "Diseño grafico", "descripcion": "Intermedio", "area_responsable": "", "fecha_inicio": "2026-04-06", "dias_dictado": "Martes", "horarios": "13:00 a 15:00", "lugar": "Manuel Leiva", "cupo_maximo": 25, "estado_inscripcion": "ABIERTA"}}, {"model": "capacitaciones.inscripcion", "pk": 1, "fields": {"capacitacion": 1, "vecino": 2, "fecha_inscripcion": "2026-03-25T11:23:10.492Z", "estado": "FINALIZADO", "certificado": "capacitaciones/certificados/Certificado_31861718_1_H0yKgIc.pdf"}}, {"model": "capacitaciones.inscripcion", "pk": 2, "fields": {"capacitacion": 1, "vecino": 7, "fecha_inscripcion": "2026-03-30T11:57:54.174Z", "estado": "FINALIZADO", "certificado": ""}}, {"model": "capacitaciones.inscripcion", "pk": 3, "fields": {"capacitacion": 1, "vecino": 8, "fecha_inscripcion": "2026-03-30T14:59:23.463Z", "estado": "INSCRIPTO", "certificado": ""}}, {"model": "capacitaciones.inscripcion", "pk": 4, "fields": {"capacitacion": 2, "vecino": 2, "fecha_inscripcion": "2026-03-31T13:19:26.773Z", "estado": "INSCRIPTO", "certificado": ""}}, {"model": "recursos_humanos.categoriasalarial", "pk": 1, "fields": {"nombre": "Categoría 8", "sueldo_basico": "400000.00"}}, {"model": "recursos_humanos.categoriasalarial", "pk": 2, "fields": {"nombre": "Categoría 9", "sueldo_basico": "415000.00"}}, {"model": "recursos_humanos.categoriasalarial", "pk": 3, "fields": {"nombre": "Categoría 10", "sueldo_basico": "430000.00"}}, {"model": "recursos_humanos.categoriasalarial", "pk": 4, "fields": {"nombre": "Categoría 11", "sueldo_basico": "445000.00"}}, {"model": "recursos_humanos.categoriasalarial", "pk": 5, "fields": {"nombre": "Categoría 12", "sueldo_basico": "460000.00"}}, {"model": "recursos_humanos.categoriasalarial", "pk": 6, "fields": {"nombre": "Categoría 13", "sueldo_basico": "475000.00"}}, {"model": "recursos_humanos.categoriasalarial", "pk": 7, "fields": {"nombre": "Categoría 14", "sueldo_basico": "490000.00"}}, {"model": "recursos_humanos.categoriasalarial", "pk": 8, "fields": {"nombre": "Categoría 15", "sueldo_basico": "505000.00"}}, {"model": "recursos_humanos.categoriasalarial", "pk": 9, "fields": {"nombre": "Categoría 16", "sueldo_basico": "520000.00"}}, {"model": "recursos_humanos.categoriasalarial", "pk": 10, "fields": {"nombre": "Categoría 17", "sueldo_basico": "535000.00"}}, {"model": "recursos_humanos.categoriasalarial", "pk": 11, "fields": {"nombre": "Categoría 18", "sueldo_basico": "550000.00"}}, {"model": "recursos_humanos.categoriasalarial", "pk": 12, "fields": {"nombre": "Categoría 19", "sueldo_basico": "565000.00"}}, {"model": "recursos_humanos.categoriasalarial", "pk": 13, "fields": {"nombre": "Categoría 20", "sueldo_basico": "580000.00"}}, {"model": "recursos_humanos.categoriasalarial", "pk": 14, "fields": {"nombre": "Categoría 21", "sueldo_basico": "595000.00"}}, {"model": "recursos_humanos.categoriasalarial", "pk": 15, "fields": {"nombre": "Categoría 22", "sueldo_basico": "610000.00"}}, {"model": "recursos_humanos.informacionsalarial", "pk": 1, "fields": {"funcionario": 12, "categoria": 8, "sueldo_basico_personalizado": null, "adicional_titulo_tipo": "15", "suplemento_tipo": "40", "adicional_antiguedad_porcentaje": "2.00", "suplemento_presentismo": true, "otros_adicionales_fijos": "0.00"}}, {"model": "recursos_humanos.informacionsalarial", "pk": 2, "fields": {"funcionario": 10, "categoria": 14, "sueldo_basico_personalizado": null, "adicional_titulo_tipo": "20", "suplemento_tipo": "25", "adicional_antiguedad_porcentaje": "2.00", "suplemento_presentismo": true, "otros_adicionales_fijos": "0.00"}}, {"model": "recursos_humanos.informacionsalarial", "pk": 3, "fields": {"funcionario": 14, "categoria": 14, "sueldo_basico_personalizado": null, "adicional_titulo_tipo": "15", "suplemento_tipo": "50", "adicional_antiguedad_porcentaje": "2.00", "suplemento_presentismo": true, "otros_adicionales_fijos": "0.00"}}, {"model": "recursos_humanos.informacionsalarial", "pk": 4, "fields": {"funcionario": 15, "categoria": 14, "sueldo_basico_personalizado": null, "adicional_titulo_tipo": "25", "suplemento_tipo": "50", "adicional_antiguedad_porcentaje": "2.00", "suplemento_presentismo": true, "otros_adicionales_fijos": "0.00"}}, {"model": "recursos_humanos.informacionsalarial", "pk": 5, "fields": {"funcionario": 16, "categoria": 8, "sueldo_basico_personalizado": null, "adicional_titulo_tipo": "15", "suplemento_tipo": "40", "adicional_antiguedad_porcentaje": "2.00", "suplemento_presentismo": true, "otros_adicionales_fijos": "0.00"}}, {"model": "recursos_humanos.liquidacionmensual", "pk": 1, "fields": {"funcionario": 12, "mes": 3, "anio": 2026, "sueldo_bruto": "782750.00", "total_descuentos": "133067.50", "sueldo_neto": "649682.50", "detalles_json": {"remunerativos": [{"nombre": "Sueldo Básico", "monto": 505000.0}, {"nombre": "Antigüedad (0 años)", "monto": 0.0}, {"nombre": "Adic. Título (Terciario 3 años (15%))", "monto": 75750.0}, {"nombre": "Suplemento (Dedicación Exclusiva (40%))", "monto": 202000.0}], "deducciones": [{"nombre": "Jubilación (11%)", "monto": 86102.5}, {"nombre": "IAPOS / Obra Social (3%)", "monto": 23482.5}, {"nombre": "Ley 19032 (3%)", "monto": 23482.5}]}, "fecha_proceso": "2026-03-27T11:23:50.492Z"}}, {"model": "recursos_humanos.liquidacionmensual", "pk": 2, "fields": {"funcionario": 10, "mes": 3, "anio": 2026, "sueldo_bruto": "862750.00", "total_descuentos": "146667.50", "sueldo_neto": "716082.50", "detalles_json": {"remunerativos": [{"nombre": "Sueldo Básico", "monto": 595000.0}, {"nombre": "Antigüedad (0 años)", "monto": 0.0}, {"nombre": "Adic. Título (Univ. 4 años (20%))", "monto": 119000.0}, {"nombre": "Suplemento (Responsabilidad Jerárquica (25%))", "monto": 148750.0}], "deducciones": [{"nombre": "Jubilación (11%)", "monto": 94902.5}, {"nombre": "IAPOS / Obra Social (3%)", "monto": 25882.5}, {"nombre": "Ley 19032 (3%)", "monto": 25882.5}]}, "fecha_proceso": "2026-03-27T15:17:26.623Z"}}, {"model": "recursos_humanos.liquidacionmensual", "pk": 3, "fields": {"funcionario": 14, "mes": 3, "anio": 2026, "sueldo_bruto": "981750.00", "total_descuentos": "166897.50", "sueldo_neto": "814852.50", "detalles_json": {"remunerativos": [{"nombre": "Sueldo Básico", "monto": 595000.0}, {"nombre": "Antigüedad (0 años)", "monto": 0.0}, {"nombre": "Adic. Título (Terciario 3 años (15%))", "monto": 89250.0}, {"nombre": "Suplemento (Mayor Jornada Laboral (50%))", "monto": 297500.0}], "deducciones": [{"nombre": "Jubilación (11%)", "monto": 107992.5}, {"nombre": "IAPOS / Obra Social (3%)", "monto": 29452.5}, {"nombre": "Ley 19032 (3%)", "monto": 29452.5}]}, "fecha_proceso": "2026-03-30T12:12:23.675Z"}}, {"model": "recursos_humanos.liquidacionmensual", "pk": 4, "fields": {"funcionario": 15, "mes": 3, "anio": 2026, "sueldo_bruto": "1041250.00", "total_descuentos": "177012.50", "sueldo_neto": "864237.50", "detalles_json": {"remunerativos": [{"nombre": "Sueldo Básico", "monto": 595000.0}, {"nombre": "Antigüedad (0 años)", "monto": 0.0}, {"nombre": "Adic. Título (Univ. 5+ años o Posgrado (25%))", "monto": 148750.0}, {"nombre": "Suplemento (Mayor Jornada Laboral (50%))", "monto": 297500.0}], "deducciones": [{"nombre": "Jubilación (11%)", "monto": 114537.5}, {"nombre": "IAPOS / Obra Social (3%)", "monto": 31237.5}, {"nombre": "Ley 19032 (3%)", "monto": 31237.5}]}, "fecha_proceso": "2026-03-30T14:33:55.991Z"}}, {"model": "recursos_humanos.familiar", "pk": 1, "fields": {"funcionario": 12, "nombre_completo": "Marta Sanchez", "parentesco": "CONYUGE", "dni": "15889966", "fecha_nacimiento": "1968-11-12", "discapacidad": false, "escolaridad": false}}, {"model": "recursos_humanos.formacionacademica", "pk": 1, "fields": {"funcionario": 12, "nivel": "SECUNDARIO", "titulo": "Bachiller", "institucion": "Manuel Leiva", "estado": "COMPLETO", "fecha_fin": null}}, {"model": "recursos_humanos.recibosueldo", "pk": 1, "fields": {"funcionario": 11, "archivo": "recibos/2026/03/LibreDeMultas_31861719.pdf", "mes": 3, "anio": 2026, "fecha_subida": "2026-03-26T14:24:51.987Z"}}, {"model": "recursos_humanos.recibosueldo", "pk": 2, "fields": {"funcionario": 12, "archivo": "recibos/2026/03/recibo_diego.garcia_3_2026.pdf", "mes": 3, "anio": 2026, "fecha_subida": "2026-03-27T11:23:50.503Z"}}, {"model": "recursos_humanos.recibosueldo", "pk": 3, "fields": {"funcionario": 10, "archivo": "recibos/2026/03/recibo_emilse.tasselli_3_2026.pdf", "mes": 3, "anio": 2026, "fecha_subida": "2026-03-27T15:17:26.633Z"}}, {"model": "recursos_humanos.recibosueldo", "pk": 4, "fields": {"funcionario": 14, "archivo": "recibos/2026/03/recibo_martin.nicolini_3_2026.pdf", "mes": 3, "anio": 2026, "fecha_subida": "2026-03-30T12:12:23.685Z"}}, {"model": "recursos_humanos.recibosueldo", "pk": 5, "fields": {"funcionario": 15, "archivo": "recibos/2026/03/recibo_misabel.acciarini_3_2026.pdf", "mes": 3, "anio": 2026, "fecha_subida": "2026-03-30T14:33:56.000Z"}}, {"model": "recursos_humanos.vacaciones", "pk": 1, "fields": {"funcionario": 11, "anio_correspondiente": 2026, "dias_totales": 14, "dias_tomados": 3}}, {"model": "recursos_humanos.vacaciones", "pk": 2, "fields": {"funcionario": 10, "anio_correspondiente": 2025, "dias_totales": 14, "dias_tomados": 3}}, {"model": "recursos_humanos.vacaciones", "pk": 3, "fields": {"funcionario": 14, "anio_correspondiente": 2025, "dias_totales": 14, "dias_tomados": 0}}, {"model": "recursos_humanos.vacaciones", "pk": 4, "fields": {"funcionario": 15, "anio_correspondiente": 2025, "dias_totales": 1400, "dias_tomados": 0}}, {"model": "recursos_humanos.vacaciones", "pk": 5, "fields": {"funcionario": 16, "anio_correspondiente": 2025, "dias_totales": 25, "dias_tomados": 0}}, {"model": "recursos_humanos.novedadrrhh", "pk": 2, "fields": {"titulo": "Fecha de cobro", "mensaje": "Se informa que el día 27/03 estarán depositados los sueldos", "fecha": "2026-03-27T10:27:13.410Z", "es_general": true, "funcionario_destino": null}}, {"model": "recursos_humanos.novedadrrhh", "pk": 3, "fields": {"titulo": "Notificación personal", "mensaje": "Zanini se merece un aumento", "fecha": "2026-03-30T12:16:54.592Z", "es_general": false, "funcionario_destino": 14}}]
